id;first_name;last_name;email;phone_number;hire_date;salary;department_id
1;Bruce;Stewart;Roger_7447@notamail.ch;+89 813-57-88;2014-02-07T19:12:34;700363;13
2;Nathan;Stewart;Henry_1745@notamail.ch;+22 108-86-77;2020-05-03T20:24:06;540960;41
3;Theresa;Garcia;Jose_2197@notamail.ch;+13 703-79-48;2001-04-09T09:25:59;106233;11
4;Christina;Brooks;Walter_2551@notamail.ch;+4 989-25-56;1997-05-01T18:18:19;754833;9
5;Scott;Young;Kevin_4930@notamail.ch;+65 91-84-0;2002-08-12T21:39:06;583835;24
6;Marilyn;Young;Edward_9187@notamail.ch;+39 687-98-76;2016-06-05T13:05:54;473606;39
7;Jeremy;Miller;Brandon_9626@notamail.ch;+98 516-91-26;2001-09-19T10:27:09;236290;24
8;Peter;Adams;Arthur_1185@notamail.ch;+32 212-97-6;2022-11-06T01:46:19;386479;39
9;Abigail;Turner;Eugene_3623@notamail.ch;+33 229-30-11;1996-11-16T24:48:53;290634;41
10;Willie;Clark;Elijah_7949@notamail.ch;+9 446-8-3;1995-08-14T17:44:13;509995;43
11;Margaret;Sanchez;Roger_935@notamail.ch;+40 534-40-17;2003-11-09T11:04:00;376625;1
12;Tyler;Young;Edward_3153@notamail.ch;+52 99-86-97;2009-04-17T22:17:22;360489;37
13;Pamela;Baker;Juan_1745@notamail.ch;+20 341-50-22;1993-09-06T05:50:53;245269;15
14;Jeremy;Castillo;Paul_3552@notamail.ch;+42 909-27-96;2012-04-05T13:31:59;309010;23
15;Natalie;Evans;Alan_3751@notamail.ch;+37 525-13-72;2009-01-22T00:39:49;186712;7
16;Kelly;Carter;Frank_5169@notamail.ch;+37 979-71-16;2015-02-21T05:31:38;665475;32
17;Russell;Long;Jason_4068@notamail.ch;+73 641-67-65;1999-01-08T17:00:51;45657;40
18;Scott;Perez;Louis_203@notamail.ch;+90 540-97-73;2007-02-26T06:22:47;43235;21
19;Patricia;Clark;Frank_9630@notamail.ch;+58 787-99-47;1994-01-06T14:12:12;485189;47
20;Alan;Ruiz;Alan_4559@notamail.ch;+65 412-94-27;2003-07-05T10:44:37;13767;46
21;Betty;Myers;Jose_8667@notamail.ch;+93 511-80-74;2018-11-19T11:22:23;494918;28
22;Douglas;Richardson;Alexander_6437@notamail.ch;+36 33-72-52;2020-08-20T18:43:13;705031;6
23;Carolyn;Mendoza;Douglas_1224@notamail.ch;+88 263-67-87;1996-04-24T04:25:54;521682;30
24;Emily;Ruiz;Eugene_4158@notamail.ch;+18 142-17-13;2018-01-06T11:34:36;155288;20
25;Diane;Collins;Dylan_9073@notamail.ch;+17 645-90-33;1991-05-22T11:36:46;739790;30
26;Ethan;Hernandez;Tyler_2817@notamail.ch;+27 86-63-5;2017-06-08T05:00:34;446479;38
27;Shirley;Bennet;Larry_5415@notamail.ch;+39 295-79-15;2012-06-16T13:42:52;326594;39
28;Ann;Wood;Edward_7482@notamail.ch;+46 921-65-75;2022-06-03T21:36:04;521603;2
29;Madison;Turner;Alexander_7847@notamail.ch;+68 109-25-33;1998-01-21T03:17:24;141925;14
30;Julia;Cooper;Aaron_3816@notamail.ch;+53 806-77-92;2001-10-04T18:57:08;231858;26
31;Thomas;Patel;Gabriel_2276@notamail.ch;+23 474-33-48;2009-01-12T13:26:58;620636;17
32;Jeffrey;Gray;Ryan_2547@notamail.ch;+48 983-69-56;2007-05-20T09:13:15;437591;32
33;James;Sanchez;Jason_1506@notamail.ch;+88 617-74-93;2002-08-27T20:37:15;426512;22
34;Melissa;Gutierrez;Johnny_3860@notamail.ch;+99 710-57-7;1993-10-19T01:10:18;283088;16
35;Jose;Miller;Peter_3753@notamail.ch;+97 744-6-42;2021-05-02T21:14:41;752653;23
36;Rose;Wilson;Nicholas_1851@notamail.ch;+77 453-29-96;2004-03-08T19:18:44;239174;47
37;Anna;Collins;Bryan_1077@notamail.ch;+5 193-49-49;2015-06-21T00:12:02;50988;32
38;Kelly;Mendoza;Austin_3313@notamail.ch;+13 408-47-23;2002-02-22T12:42:49;124066;13
39;Adam;Alvarez;Gregory_8667@notamail.ch;+67 884-66-91;1993-08-17T21:23:54;148915;14
40;Grace;Reyes;Benjamin_1253@notamail.ch;+45 166-54-12;2015-04-08T22:15:03;57444;47
41;Marie;Ruiz;Jason_6391@notamail.ch;+12 989-85-23;1998-12-27T24:17:11;569032;17
42;Stephanie;Rogers;Jacob_8562@notamail.ch;+65 449-76-20;2012-12-15T21:48:50;484172;31
43;Andrew;Roberts;Eugene_5919@notamail.ch;+72 3-5-24;1992-03-07T08:16:31;37351;22
44;Rose;Nelson;Lawrence_2017@notamail.ch;+87 622-54-59;2017-04-07T22:55:16;67459;13
45;Donald;James;Frank_2379@notamail.ch;+33 707-69-3;2021-03-22T11:11:02;438107;3
46;Christian;Smith;Thomas_2322@notamail.ch;+54 121-96-49;2014-12-18T17:50:23;298535;6
47;Lawrence;Cruz;Bruce_7555@notamail.ch;+58 398-47-9;2021-02-14T11:23:29;407783;34
48;Johnny;Myers;James_3377@notamail.ch;+61 124-39-33;2014-11-20T19:11:17;755120;31
49;Karen;Miller;Russell_6790@notamail.ch;+63 380-67-13;2004-12-15T11:27:05;342101;14
50;Johnny;Sanders;Vincent_7274@notamail.ch;+12 66-93-48;2021-04-20T09:42:42;154704;26
51;Noah;Gray;Harold_4483@notamail.ch;+66 706-2-2;2012-12-19T13:04:45;744158;29
52;William;Perez;Louis_9073@notamail.ch;+49 212-71-16;1998-09-20T19:24:09;74950;34
53;William;Murphy;Joshua_6908@notamail.ch;+1 459-28-74;2014-10-09T03:03:52;528938;1
54;Steven;Walker;Johnny_1623@notamail.ch;+14 188-47-60;2004-07-01T17:39:12;93134;37
55;Patrick;Martin;Kyle_8593@notamail.ch;+81 463-29-85;2007-12-15T05:34:44;252245;30
56;Laura;Cruz;Russell_5749@notamail.ch;+24 593-33-40;2021-10-10T16:49:12;283030;32
57;James;Miller;Bruce_1789@notamail.ch;+94 532-0-48;2009-04-04T08:03:14;54377;24
58;Nicholas;Robinson;Jonathan_3758@notamail.ch;+92 898-90-84;2021-09-01T07:24:59;106595;18
59;Elizabeth;Lopez;Charles_8643@notamail.ch;+83 353-64-35;2001-04-01T00:23:39;600800;47
60;Denise;Long;Timothy_9943@notamail.ch;+40 717-20-69;2017-05-27T16:31:48;646888;40
61;Carol;Wood;Willie_3216@notamail.ch;+41 55-1-9;2015-08-07T19:48:48;418382;36
62;Louis;Johnson;Jose_1138@notamail.ch;+82 46-69-39;2000-09-20T14:16:55;526453;20
63;Ann;Murphy;Johnny_2204@notamail.ch;+54 481-63-79;2015-12-14T24:12:25;573567;35
64;Johnny;Campbell;Harold_2978@notamail.ch;+92 298-64-54;2003-07-11T07:45:12;588933;28
65;Vincent;Gomez;Raymond_5905@notamail.ch;+29 226-66-86;2014-07-11T20:26:09;717758;11
66;Kathryn;Reyes;Wayne_4864@notamail.ch;+73 429-25-99;2010-01-25T12:57:54;613530;12
67;Vincent;Alvarez;Thomas_5820@notamail.ch;+67 859-9-53;2012-10-19T20:09:11;74460;33
68;Rebecca;Morris;Brian_1176@notamail.ch;+34 944-7-78;2021-06-20T14:07:05;638984;47
69;Stephen;Castillo;Bobby_1012@notamail.ch;+78 29-50-88;2001-08-20T14:19:11;144910;14
70;David;Scott;Kenneth_8929@notamail.ch;+78 9-91-53;1992-10-13T13:56:55;285371;4
71;Terry;Peterson;Nicholas_1700@notamail.ch;+58 91-19-95;2015-06-17T17:45:17;382072;32
72;Natalie;Parker;Noah_4516@notamail.ch;+30 755-54-56;1993-09-02T06:37:53;536060;29
73;Jean;James;Stephen_7643@notamail.ch;+87 18-32-32;2003-03-02T09:37:33;670330;27
74;Alan;Rodriguez;Keith_4398@notamail.ch;+20 86-80-31;2014-08-17T09:33:10;561707;7
75;Billy;Flores;Billy_8637@notamail.ch;+46 650-69-74;1996-10-03T18:27:54;750233;18
76;Lisa;Harris;Jack_9468@notamail.ch;+54 281-30-54;2002-10-15T09:55:24;154198;31
77;Jack;Chavez;Jesse_5200@notamail.ch;+42 224-66-26;2022-06-12T17:37:19;628198;25
78;Philip;Jones;Jack_5756@notamail.ch;+22 208-74-10;1996-09-08T05:52:57;374979;41
79;Johnny;Ruiz;Roy_994@notamail.ch;+21 502-81-62;2004-08-21T12:59:51;418773;24
80;Peter;Parker;Dennis_3534@notamail.ch;+3 103-24-4;2008-05-17T15:06:39;28650;27
81;Peter;Bailey;Tyler_2431@notamail.ch;+31 943-25-32;2019-07-26T03:25:52;272138;9
82;Jordan;Sanchez;Willie_1618@notamail.ch;+53 787-39-94;1993-10-18T23:17:09;140722;8
83;Amy;Perez;Kenneth_5270@notamail.ch;+43 437-81-37;2019-07-16T09:08:01;255157;26
84;Christine;Walker;Gary_2832@notamail.ch;+58 323-10-17;2017-09-14T21:14:51;52952;47
85;Kelly;Cox;Juan_8621@notamail.ch;+97 40-29-83;2009-01-13T11:37:07;726240;32
86;Rose;Williams;Gabriel_5799@notamail.ch;+56 77-63-72;1998-01-11T02:08:16;457005;8
87;Stephen;Stewart;Russell_4765@notamail.ch;+59 627-87-81;2005-07-13T16:36:58;351465;40
88;Frank;Cooper;Terry_229@notamail.ch;+30 233-15-54;2018-07-18T24:19:26;201585;36
89;Nicholas;Alvarez;Vincent_7545@notamail.ch;+20 810-96-28;1991-09-10T10:09:53;694014;2
90;Benjamin;Richardson;Gabriel_243@notamail.ch;+77 440-14-7;2000-09-28T20:29:58;317044;42
91;Linda;Williams;Aaron_137@notamail.ch;+1 186-50-52;1999-09-26T21:45:10;70961;24
92;Steven;Alvarez;Scott_9290@notamail.ch;+13 588-23-84;2006-12-09T11:22:30;724590;6
93;Elizabeth;Kim;Michael_8638@notamail.ch;+58 577-44-60;2006-08-13T16:38:00;221785;6
94;Joan;Williams;Donald_6024@notamail.ch;+78 363-63-42;2019-04-14T10:51:51;487998;20
95;Jason;Roberts;Mark_8486@notamail.ch;+36 347-65-44;2001-07-24T07:09:16;464948;31
96;Jose;Gonzales;Walter_5905@notamail.ch;+3 844-77-96;2013-07-05T17:52:55;381777;10
97;Christopher;Baker;Christopher_7214@notamail.ch;+73 178-51-58;2005-11-09T10:34:59;496948;38
98;Logan;Gray;Robert_4105@notamail.ch;+83 549-78-23;1998-05-10T11:38:03;490740;8
99;Raymond;Jones;Gregory_8092@notamail.ch;+34 102-78-88;2012-06-09T22:24:47;687279;26
100;Frances;Williams;Roger_6313@notamail.ch;+38 858-60-20;2011-02-21T17:27:08;434590;30
101;Andrea;Scott;Larry_6313@notamail.ch;+98 122-39-17;1994-01-10T16:05:18;440910;6
102;Alexis;Jimenez;Austin_2632@notamail.ch;+86 897-66-40;2013-02-23T21:17:28;571621;42
103;Samuel;Alvarez;Thomas_9542@notamail.ch;+1 754-49-41;2022-02-22T09:44:44;257978;28
104;Keith;Sanders;Gabriel_5326@notamail.ch;+50 184-8-45;2002-07-21T08:46:46;303493;40
105;Alice;Murphy;Carl_1223@notamail.ch;+60 304-0-14;2011-10-26T14:47:44;266392;21
106;Johnny;Jones;Brandon_2320@notamail.ch;+11 600-97-3;2019-05-09T05:39:38;471360;17
107;Tyler;James;Arthur_5851@notamail.ch;+76 248-51-67;2016-01-20T17:49:27;53211;7
108;Juan;Rodriguez;Terry_2440@notamail.ch;+62 752-18-15;1998-11-05T13:26:27;161068;31
109;Adam;Price;Joshua_629@notamail.ch;+45 551-52-85;2004-02-11T18:02:13;84200;7
110;Christina;Patel;Joe_2054@notamail.ch;+93 182-20-82;1994-02-25T06:49:57;735264;18
111;Dennis;Edwards;Robert_8861@notamail.ch;+4 815-69-10;2013-09-28T00:00:34;628121;33
112;Sophia;Young;Stephen_7750@notamail.ch;+76 116-85-85;2009-02-06T08:41:55;214860;12
113;Karen;Ramirez;Vincent_4846@notamail.ch;+33 244-98-61;1994-12-28T00:44:23;363039;31
114;Bobby;Moore;Walter_690@notamail.ch;+75 227-67-4;2009-07-03T18:14:07;753728;5
115;Jeffrey;Thomas;Frank_1871@notamail.ch;+7 910-85-9;1996-07-23T20:54:01;140942;40
116;Rachel;Anderson;Raymond_103@notamail.ch;+33 654-4-77;1999-04-27T16:56:55;77118;16
117;Philip;Thomas;Peter_4668@notamail.ch;+60 126-29-61;2013-03-20T13:56:13;221880;42
118;Kayla;Mitchell;Alan_3253@notamail.ch;+33 640-68-15;2019-10-27T03:46:42;264468;6
119;George;Gonzales;Louis_8307@notamail.ch;+84 511-25-80;2002-06-12T00:02:56;205217;10
120;Lauren;Edwards;Jason_1162@notamail.ch;+75 909-55-51;2005-07-11T21:39:44;89638;12
121;Brenda;Williams;Louis_2051@notamail.ch;+12 580-44-56;2013-10-09T19:39:02;445824;40
122;Jean;Martin;Arthur_4961@notamail.ch;+62 350-73-58;2005-10-20T07:52:17;56878;9
123;Benjamin;Thompson;Gary_4656@notamail.ch;+3 497-49-84;2008-12-03T23:03:51;104640;6
124;Roger;Patel;Tyler_5918@notamail.ch;+21 219-27-31;2019-07-17T15:11:33;477278;6
125;Nancy;Watson;Bryan_9724@notamail.ch;+29 764-89-89;2014-02-06T20:17:36;120251;37
126;Doris;Rodriguez;Arthur_3675@notamail.ch;+87 524-45-99;2020-08-24T04:03:27;74363;47
127;Denise;Ramirez;Christian_501@notamail.ch;+84 210-97-56;2018-10-03T23:07:49;197536;34
128;Jason;Martin;Jonathan_8536@notamail.ch;+41 260-60-17;1992-03-27T19:08:27;711806;8
129;Judith;Sanders;Sean_8528@notamail.ch;+42 300-33-80;2001-04-13T10:44:26;266277;5
130;Matthew;Torres;Juan_1269@notamail.ch;+87 320-46-66;2013-01-05T00:07:11;560443;46
131;Kelly;Peterson;Thomas_2716@notamail.ch;+5 814-91-61;1998-04-12T14:53:05;267463;17
132;Sean;Hughes;James_1392@notamail.ch;+37 944-37-89;2022-02-14T07:18:47;46937;41
133;Christina;Howard;Joshua_3714@notamail.ch;+37 796-39-10;2019-01-07T08:42:58;647890;19
134;Johnny;Davis;Louis_750@notamail.ch;+63 133-75-75;2000-11-05T01:11:31;204103;43
135;Alice;Hill;Jordan_8381@notamail.ch;+14 909-72-41;1993-12-10T22:47:21;514129;19
136;Douglas;Ramos;Jose_8690@notamail.ch;+93 164-8-27;2017-01-19T00:34:51;642366;11
137;Isabella;Wood;Harold_1615@notamail.ch;+64 987-81-94;2008-05-02T01:59:16;542611;1
138;Jack;Mitchell;Alan_7784@notamail.ch;+97 276-86-63;1996-01-09T06:27:35;156706;31
139;Christopher;Morgan;Joseph_5127@notamail.ch;+4 999-77-35;2017-11-26T21:45:03;592088;13
140;Cheryl;Brown;Stephen_2689@notamail.ch;+56 16-44-91;2006-03-07T24:33:07;244464;24
141;Kelly;Thomas;Timothy_4779@notamail.ch;+98 180-53-61;1994-08-05T24:53:13;273065;20
142;Michelle;Thompson;Jerry_5929@notamail.ch;+16 681-64-89;2002-06-08T08:01:06;682347;2
143;Amanda;Garcia;Russell_211@notamail.ch;+53 428-37-86;2000-01-24T09:50:18;107002;16
144;Jeremy;Lee;Russell_4026@notamail.ch;+37 295-57-74;2012-10-03T22:19:32;414029;21
145;Jesse;Nguyen;Ronald_8903@notamail.ch;+41 369-24-33;2015-09-16T06:09:38;370749;45
146;Douglas;Ross;Roy_7742@notamail.ch;+40 71-55-6;2019-12-20T02:39:46;405981;1
147;Roger;Cook;Adam_1979@notamail.ch;+70 371-43-16;1996-09-05T20:08:07;298385;43
148;Susan;Walker;Jacob_1218@notamail.ch;+97 443-78-80;1993-08-20T09:28:59;215898;2
149;Elijah;Price;Mark_5462@notamail.ch;+19 674-39-84;1997-01-08T22:01:15;131335;28
150;Danielle;Myers;Douglas_7327@notamail.ch;+71 81-4-59;1995-07-02T16:27:04;235421;1
151;David;Mendoza;Joshua_3967@notamail.ch;+4 930-73-92;1992-09-15T07:28:51;730346;20
152;Roger;Cruz;Albert_1689@notamail.ch;+84 302-45-46;1995-08-21T11:02:09;190748;6
153;Wayne;Murphy;Henry_9226@notamail.ch;+92 16-86-7;2021-10-19T07:04:15;605970;23
154;Judith;Turner;George_1237@notamail.ch;+17 807-92-52;2010-04-25T07:19:02;437867;12
155;John;Hall;Roy_6243@notamail.ch;+94 870-90-31;2001-12-23T08:02:02;194989;30
156;Christopher;Lee;William_7970@notamail.ch;+3 234-49-42;1991-12-11T21:21:31;734607;24
157;Diana;Castillo;Ryan_5766@notamail.ch;+10 289-32-82;1994-05-06T14:58:23;668323;47
158;Helen;Walker;Kyle_247@notamail.ch;+69 648-92-22;1992-04-12T05:42:04;499277;42
159;Bruce;Allen;Christian_4762@notamail.ch;+18 59-71-76;2001-10-21T19:31:16;673999;46
160;Deborah;Patel;Lawrence_2345@notamail.ch;+55 456-48-70;2016-09-02T12:06:20;305779;18
161;Janet;Ruiz;William_7774@notamail.ch;+3 315-62-11;2020-11-05T03:06:28;440610;5
162;Roger;Brooks;Roger_5392@notamail.ch;+0 877-53-87;2017-07-14T22:11:56;435476;17
163;Grace;Rodriguez;George_6691@notamail.ch;+74 216-71-47;2009-06-25T24:00:43;311414;37
164;Diana;Sanchez;Gregory_803@notamail.ch;+45 496-12-82;2010-08-22T04:39:32;733476;47
165;Benjamin;Reed;Charles_5982@notamail.ch;+17 687-25-67;2017-03-16T18:26:45;753690;27
166;Katherine;Howard;Frank_4293@notamail.ch;+47 987-40-90;2002-08-12T22:38:00;166816;14
167;Samuel;Jackson;Larry_9194@notamail.ch;+68 101-83-51;2014-06-24T06:22:48;377777;7
168;Danielle;Cook;Anthony_3886@notamail.ch;+57 879-20-49;2021-10-03T21:04:48;72322;15
169;Jeffrey;Castillo;Jack_9639@notamail.ch;+17 113-54-47;2013-10-06T08:22:57;674326;25
170;Edward;Allen;Justin_6850@notamail.ch;+38 72-60-43;2007-10-20T16:56:42;283346;22
171;Kelly;Martinez;Sean_8212@notamail.ch;+76 629-5-74;2011-10-15T09:51:12;211819;13
172;Larry;Miller;Joseph_3384@notamail.ch;+63 831-52-84;2012-05-15T08:53:10;261062;11
173;Maria;Ortiz;Dennis_7700@notamail.ch;+18 630-87-64;1992-07-18T09:28:06;18036;27
174;Jeremy;Morris;Harold_3248@notamail.ch;+93 509-57-38;1993-08-26T24:11:08;714971;40
175;Thomas;Torres;Dennis_4834@notamail.ch;+94 321-26-86;1998-06-18T22:19:21;214476;9
176;Brenda;Moore;Kenneth_3100@notamail.ch;+67 903-52-75;2012-12-02T24:35:53;620992;44
177;Larry;Phillips;Matthew_8477@notamail.ch;+58 710-41-57;2011-12-27T11:06:38;495596;24
178;Scott;Hernandez;Edward_7204@notamail.ch;+62 808-22-67;2010-11-09T02:37:18;298953;36
179;Kelly;Phillips;Jacob_8009@notamail.ch;+12 908-2-60;2010-08-25T12:53:30;232071;8
180;Sean;Thompson;Alan_849@notamail.ch;+71 787-23-11;2013-03-20T24:32:28;519447;13
181;Alice;Howard;Vincent_2705@notamail.ch;+32 404-89-76;2017-07-22T16:26:02;387669;40
182;Jennifer;Phillips;Richard_2270@notamail.ch;+97 338-84-8;2010-04-28T23:57:42;73501;14
183;Logan;Brown;Eric_4027@notamail.ch;+8 299-11-19;1995-03-20T19:10:10;672725;22
184;Isabella;Chavez;Richard_1695@notamail.ch;+61 806-78-41;2012-02-14T17:38:14;205901;20
185;Joan;Edwards;Stephen_9397@notamail.ch;+12 423-12-64;2015-11-08T16:04:49;132933;1
186;Timothy;Cruz;Harold_233@notamail.ch;+68 801-3-36;2018-07-08T02:29:46;340369;41
187;Andrea;Howard;Robert_8674@notamail.ch;+54 276-99-11;1997-10-14T18:13:04;574905;23
188;Paul;Evans;Brian_2271@notamail.ch;+1 333-44-17;2008-06-06T23:20:06;476309;3
189;Amy;Turner;Bruce_9765@notamail.ch;+75 877-44-67;1994-09-12T18:00:44;328950;16
190;Juan;Kelly;Alexander_5242@notamail.ch;+63 541-74-34;2016-06-16T16:01:29;668247;15
191;Paul;Peterson;Raymond_6681@notamail.ch;+55 74-55-35;2021-03-03T02:25:19;664369;46
192;Karen;James;Gregory_1244@notamail.ch;+80 62-66-78;2009-12-10T13:51:55;150838;32
193;Kenneth;Diaz;Peter_6641@notamail.ch;+80 502-8-56;2003-12-04T10:54:46;411832;16
194;Ruth;Edwards;Eugene_5185@notamail.ch;+52 852-13-26;2005-06-01T09:19:43;606772;24
195;George;Cox;Justin_4427@notamail.ch;+13 670-4-90;1996-03-19T21:03:00;575917;45
196;Shirley;Williams;Robert_7199@notamail.ch;+55 744-4-96;2019-11-28T10:50:17;675925;29
197;Christine;Gray;Eugene_6873@notamail.ch;+6 747-46-36;2011-11-19T11:04:10;366014;29
198;Patrick;Rodriguez;George_7218@notamail.ch;+75 768-88-68;1999-09-18T01:40:24;751700;28
199;Frank;Bailey;Anthony_4917@notamail.ch;+88 490-48-57;2004-06-21T01:14:09;389632;40
200;Maria;Ward;Willie_4034@notamail.ch;+63 756-67-29;2018-10-23T19:03:27;687318;23
201;Rachel;Hall;Dennis_1927@notamail.ch;+30 378-87-95;1993-09-03T22:45:13;217840;35
202;Susan;Ross;Edward_5656@notamail.ch;+40 843-73-28;2013-05-13T05:57:08;142936;27
203;Donald;Reed;Tyler_6208@notamail.ch;+76 283-44-71;2003-05-09T22:07:20;321639;6
204;Martha;Bailey;Donald_6552@notamail.ch;+23 861-42-83;2003-09-10T09:19:51;106096;13
205;Thomas;Long;Jason_9956@notamail.ch;+47 902-52-70;2003-07-24T20:11:16;714607;29
206;Billy;Cook;Kenneth_2597@notamail.ch;+68 385-99-16;2018-09-23T13:54:00;666413;36
207;Joseph;Ruiz;Raymond_9741@notamail.ch;+15 750-74-64;2004-11-12T05:03:14;105237;10
208;Margaret;Edwards;Jose_3272@notamail.ch;+67 584-79-95;2019-08-26T09:07:20;639059;31
209;Jessica;Ward;Frank_2365@notamail.ch;+16 136-48-27;2008-09-09T10:48:32;484502;37
210;Kathleen;Green;Joshua_4702@notamail.ch;+1 177-95-31;1997-05-28T03:10:30;561303;20
211;Bruce;Scott;Jerry_4909@notamail.ch;+10 142-95-25;2014-06-28T06:58:54;510085;27
212;Jordan;Smith;Robert_6826@notamail.ch;+16 689-35-74;2007-05-05T24:11:07;447722;24
213;Alice;Chavez;William_357@notamail.ch;+17 315-4-58;2021-09-25T03:28:58;679583;23
214;Aaron;Nguyen;Vincent_7497@notamail.ch;+22 259-12-1;2003-12-10T16:47:20;353987;16
215;Janet;Patel;Jeffrey_5145@notamail.ch;+93 696-98-47;1997-11-10T07:38:59;753419;19
216;Bruce;Martinez;Gregory_3001@notamail.ch;+81 781-6-14;2009-10-16T00:09:26;415270;4
217;Jose;Hill;Eric_851@notamail.ch;+82 551-83-77;2018-04-05T19:13:34;45035;19
218;Marie;Ward;Jacob_4831@notamail.ch;+1 997-10-62;2009-06-25T06:11:21;735515;37
219;Anna;Kim;Brian_1731@notamail.ch;+84 155-75-71;2019-07-19T14:16:47;336329;42
220;Denise;Rodriguez;Jesse_9028@notamail.ch;+18 657-7-6;2022-04-22T01:24:12;404665;38
221;Andrew;Carter;Kyle_3695@notamail.ch;+1 920-69-43;1994-04-18T19:43:04;442420;20
222;Stephanie;Allen;Sean_7403@notamail.ch;+4 574-89-48;1997-06-24T20:58:48;203175;12
223;Nicole;Thompson;Nathan_5471@notamail.ch;+12 306-82-10;1991-09-17T08:26:04;94285;14
224;Margaret;Jones;Ryan_3969@notamail.ch;+88 439-29-3;2015-07-01T07:55:33;389705;21
225;Tyler;Patel;Matthew_5160@notamail.ch;+19 583-51-0;2001-08-21T13:50:02;54722;22
226;Teresa;Davis;Randy_2083@notamail.ch;+87 13-15-4;1993-12-24T21:21:16;647040;12
227;Katherine;Scott;Eric_3418@notamail.ch;+77 341-59-87;2021-06-22T21:44:04;219956;4
228;Andrea;Moore;Vincent_6222@notamail.ch;+95 649-47-15;1993-03-02T01:54:38;310506;25
229;Gary;Edwards;William_863@notamail.ch;+3 679-8-96;2016-07-25T19:40:54;104482;34
230;Nicole;Richardson;Nathan_4145@notamail.ch;+9 624-36-39;2017-02-24T09:52:45;624609;21
231;Emily;Roberts;Kyle_2083@notamail.ch;+46 312-93-36;2019-07-04T07:29:21;22813;31
232;Carolyn;Rogers;Ryan_602@notamail.ch;+79 523-21-46;2007-06-27T07:38:10;218010;26
233;Kyle;Gomez;Philip_9885@notamail.ch;+15 337-26-46;2020-11-04T16:11:20;429023;43
234;Edward;Brown;Carl_1043@notamail.ch;+68 811-62-93;2016-10-07T12:55:08;748866;27
235;Arthur;Ross;George_8747@notamail.ch;+70 143-14-98;2005-06-16T18:15:34;644683;32
236;Janet;Torres;Johnny_4083@notamail.ch;+67 981-91-47;2012-02-04T04:17:24;392782;43
237;Henry;Mitchell;Jesse_9872@notamail.ch;+70 648-40-37;1994-12-20T20:45:25;88230;27
238;Stephanie;Sanchez;Jerry_6467@notamail.ch;+43 968-48-71;2008-10-22T24:56:25;606251;2
239;Peter;Nguyen;Vincent_1498@notamail.ch;+80 416-13-88;2005-01-13T19:13:17;474220;42
240;Lawrence;Jimenez;Vincent_6786@notamail.ch;+21 436-51-86;2009-10-18T07:44:12;315204;27
241;Beverly;Brown;Andrew_8045@notamail.ch;+87 614-96-13;2009-07-19T00:09:27;673745;37
242;Mark;Foster;Billy_7151@notamail.ch;+81 171-43-27;2001-02-03T13:09:44;216096;30
243;Frank;Moore;Christian_3112@notamail.ch;+70 793-32-24;2003-01-18T10:19:13;620221;6
244;Louis;Collins;Joshua_4441@notamail.ch;+59 118-73-66;1996-08-05T20:00:34;186633;27
245;Joyce;Hernandez;Jeremy_9842@notamail.ch;+20 364-81-12;2014-05-27T16:15:08;281264;38
246;Ashley;Harris;Raymond_4272@notamail.ch;+85 107-51-11;2009-12-02T05:36:08;127856;18
247;Abigail;Jackson;Roger_8511@notamail.ch;+35 367-17-2;1996-10-01T24:23:32;239552;43
248;Mark;Johnson;Alan_9050@notamail.ch;+14 546-50-13;2009-05-05T07:44:46;483731;15
249;Bruce;Ward;William_2435@notamail.ch;+94 411-4-76;2008-09-08T14:28:51;548563;36
250;Charlotte;Peterson;Jack_9807@notamail.ch;+56 796-34-34;2020-12-24T04:18:45;11845;13
251;Harold;Anderson;Thomas_2918@notamail.ch;+99 348-69-9;2011-10-03T07:49:02;72003;17
252;Frank;Edwards;Bruce_1858@notamail.ch;+71 334-80-72;2003-11-17T02:23:48;273202;7
253;Sharon;Morales;Billy_5084@notamail.ch;+63 556-93-44;2017-04-23T01:28:01;443965;29
254;Susan;James;John_9576@notamail.ch;+22 148-79-70;2008-09-23T13:29:51;537594;47
255;Andrew;Kim;Gerald_2888@notamail.ch;+77 842-51-67;2008-11-28T17:00:54;578691;36
256;Ruth;Lee;Jerry_7526@notamail.ch;+16 925-26-69;1997-11-07T04:23:05;652655;2
257;Martha;Johnson;Edward_2892@notamail.ch;+38 651-80-68;2018-04-24T07:06:15;188354;25
258;Julie;Watson;Philip_7401@notamail.ch;+65 408-47-27;2014-11-21T20:29:24;332429;46
259;Brandon;Johnson;Robert_2622@notamail.ch;+65 765-27-22;1991-05-20T04:00:19;551927;37
260;Hannah;Price;Russell_4705@notamail.ch;+12 389-33-23;1991-10-11T00:01:14;427211;36
261;Madison;Gutierrez;Gerald_5593@notamail.ch;+8 98-43-35;1994-09-12T20:59:50;42426;30
262;Natalie;Thompson;Brian_2933@notamail.ch;+91 696-63-65;2021-11-24T20:04:04;364216;1
263;Emily;Murphy;Lawrence_1394@notamail.ch;+81 718-38-92;2011-03-18T19:40:44;134075;24
264;Samuel;Wood;Johnny_8458@notamail.ch;+25 687-38-21;2020-06-26T10:06:03;76048;17
265;Jennifer;Anderson;Johnny_192@notamail.ch;+31 247-73-24;2015-12-01T15:49:11;555266;40
266;Jennifer;Castillo;Raymond_3383@notamail.ch;+35 510-41-5;2016-05-21T12:01:41;388671;27
267;Barbara;Lopez;Arthur_2558@notamail.ch;+71 212-7-89;2007-01-10T20:13:00;261125;5
268;Victoria;Myers;Harold_3686@notamail.ch;+6 825-70-76;1995-11-21T19:23:48;321904;30
269;Frances;Robinson;Tyler_9068@notamail.ch;+47 186-88-32;2000-11-23T12:50:54;442103;40
270;Abigail;Kim;Brian_6463@notamail.ch;+24 172-63-41;2016-10-21T20:27:39;270732;17
271;Terry;Thompson;Brian_2002@notamail.ch;+58 262-64-0;1995-04-24T12:51:11;301974;4
272;Andrew;Hughes;Zachary_9564@notamail.ch;+48 51-74-63;1997-03-16T17:46:07;92967;8
273;Mary;Castillo;Peter_2099@notamail.ch;+58 291-84-11;2016-10-22T12:03:44;491141;2
274;Johnny;Baker;Raymond_3269@notamail.ch;+62 726-7-76;2009-04-21T12:08:55;444693;24
275;Louis;Stewart;Samuel_1076@notamail.ch;+14 44-48-39;1994-05-24T14:29:09;92442;22
276;Heather;Williams;Jesse_5834@notamail.ch;+67 162-0-3;1993-04-12T23:26:23;500961;35
277;Sara;Watson;Gary_1306@notamail.ch;+11 967-90-63;2004-06-10T16:30:35;271434;13
278;Michelle;Ross;Ryan_4073@notamail.ch;+90 259-81-20;2008-09-18T12:10:01;33882;35
279;Nathan;Hernandez;Willie_5079@notamail.ch;+22 993-47-8;1997-06-10T03:40:17;492502;11
280;Cheryl;Murphy;Gary_3256@notamail.ch;+0 178-12-72;2004-08-25T12:54:24;610646;8
281;Dorothy;Jimenez;Bobby_8760@notamail.ch;+34 883-77-39;2012-07-27T16:14:28;296738;26
282;Judith;Miller;Gary_4336@notamail.ch;+80 712-15-3;2004-05-26T06:13:06;209906;37
283;Patrick;Gonzales;Roy_6806@notamail.ch;+45 682-48-55;2011-08-28T03:10:55;304049;39
284;Sara;Cox;Eugene_996@notamail.ch;+24 267-57-70;2011-01-25T00:54:17;566542;28
285;Teresa;Roberts;Patrick_7443@notamail.ch;+94 238-30-57;2020-10-15T14:43:47;135274;42
286;David;Miller;Steven_8839@notamail.ch;+11 718-63-85;2009-05-02T14:02:40;394394;33
287;Gerald;Wilson;Brandon_290@notamail.ch;+32 811-13-47;2011-12-19T18:36:34;710905;2
288;Patricia;Morgan;David_9087@notamail.ch;+13 919-53-19;2000-03-08T23:18:03;525394;35
289;Carol;Long;Thomas_3283@notamail.ch;+0 924-84-84;1996-07-04T02:03:37;751563;45
290;Patrick;Jackson;Gregory_8351@notamail.ch;+52 441-92-88;2015-04-06T13:04:16;680633;31
291;Christopher;Robinson;Tyler_3272@notamail.ch;+86 816-61-43;1999-09-10T21:19:26;366532;26
292;Emily;Jackson;Patrick_6867@notamail.ch;+57 323-37-66;2012-12-12T06:25:41;97501;38
293;Michael;Jackson;David_7830@notamail.ch;+61 185-31-87;1991-10-02T12:34:15;573245;30
294;Lisa;Patel;Roy_688@notamail.ch;+16 264-89-90;2011-02-13T01:12:13;34413;41
295;Louis;Watson;James_4768@notamail.ch;+72 140-25-61;2011-03-06T00:34:54;495333;24
296;Frances;Gonzales;Richard_6064@notamail.ch;+36 749-66-16;2002-03-24T22:14:06;482128;46
297;Julie;Morgan;Billy_7204@notamail.ch;+94 885-25-63;2009-07-11T09:16:14;521996;6
298;Dorothy;Gray;Samuel_3173@notamail.ch;+5 459-65-57;2001-08-24T21:52:06;491627;41
299;Douglas;Cox;Harold_117@notamail.ch;+80 785-12-62;2000-06-28T01:08:49;131227;33
300;Richard;Carter;Patrick_974@notamail.ch;+67 54-20-67;1993-04-08T05:20:58;267904;10
301;Sharon;Reed;Tyler_2498@notamail.ch;+84 879-76-98;2004-04-13T08:12:32;370817;41
302;Pamela;Watson;Gerald_6644@notamail.ch;+79 26-25-2;2017-07-16T02:44:26;420825;3
303;Alice;Alvarez;Matthew_7703@notamail.ch;+54 143-36-31;1999-07-06T10:58:31;441083;40
304;Raymond;James;Joe_4976@notamail.ch;+53 973-57-42;2005-01-10T10:49:01;198217;42
305;Ethan;King;Peter_9322@notamail.ch;+72 909-76-31;1998-05-27T12:42:36;383893;2
306;Rachel;Allen;Andrew_2947@notamail.ch;+60 579-95-60;2003-11-06T04:15:19;445841;40
307;David;Thomas;Scott_4246@notamail.ch;+98 526-79-84;1996-08-19T05:55:09;141080;3
308;Edward;Gutierrez;Elijah_2474@notamail.ch;+10 286-78-60;2007-01-16T03:29:38;620079;19
309;Carol;Mendoza;Albert_2089@notamail.ch;+39 449-69-23;1991-02-11T12:03:47;304314;34
310;Jennifer;Cook;Anthony_6694@notamail.ch;+83 333-12-16;1993-06-28T04:30:58;484078;40
311;Zachary;Collins;Donald_8787@notamail.ch;+19 751-82-13;1995-11-20T04:12:02;125531;3
312;Rebecca;Ramos;Terry_6113@notamail.ch;+1 981-89-76;1996-11-12T06:50:19;232694;33
313;Deborah;Campbell;Jeffrey_4099@notamail.ch;+12 479-48-28;2007-02-14T18:06:28;499780;33
314;Nathan;Young;Joe_317@notamail.ch;+38 778-39-69;2015-07-04T21:52:08;712744;5
315;Kimberly;Cox;Peter_72@notamail.ch;+3 278-35-33;1993-01-13T19:22:30;617317;20
316;Keith;Wilson;Aaron_2405@notamail.ch;+67 216-8-97;2002-02-19T17:43:15;502238;34
317;William;Nelson;Frank_4990@notamail.ch;+40 55-48-92;2010-06-06T13:46:45;32982;6
318;Nicholas;Stewart;Adam_8008@notamail.ch;+77 14-91-53;2002-04-17T24:59:57;55049;31
319;Megan;Evans;George_3067@notamail.ch;+17 722-43-25;1996-03-28T12:15:49;627584;36
320;Marie;Hall;Alan_3551@notamail.ch;+84 765-18-32;2004-07-22T18:24:38;440660;32
321;Thomas;Stewart;Dennis_1859@notamail.ch;+65 204-72-1;2004-03-12T21:39:22;696115;18
322;Bryan;Gutierrez;Ronald_743@notamail.ch;+96 838-14-63;2011-12-06T02:22:22;33071;7
323;Ann;Kelly;Richard_7508@notamail.ch;+36 89-33-52;2011-08-12T24:00:48;437143;40
324;Nancy;Watson;Bobby_837@notamail.ch;+33 348-74-94;1994-04-12T05:28:31;187160;11
325;Stephen;Walker;Lawrence_4630@notamail.ch;+0 764-83-36;2006-12-25T08:48:24;161640;37
326;Marilyn;Edwards;Lawrence_3543@notamail.ch;+62 979-60-51;1993-04-28T21:41:10;137700;20
327;Dylan;Cook;Eugene_4901@notamail.ch;+32 508-81-64;1999-06-26T11:50:15;249967;43
328;Austin;Roberts;Jeffrey_2812@notamail.ch;+67 935-29-76;2001-04-21T05:04:40;145163;37
329;Terry;Torres;Vincent_6814@notamail.ch;+30 877-11-31;1991-03-06T02:06:25;136795;43
330;Juan;Torres;Joseph_5573@notamail.ch;+4 19-73-52;1997-06-17T17:10:01;743075;40
331;Barbara;Garcia;Wayne_2326@notamail.ch;+42 833-5-20;1992-03-06T17:00:14;88427;8
332;Amanda;Evans;Dylan_5016@notamail.ch;+22 184-73-72;2011-09-23T06:01:15;562559;3
333;Marilyn;Lopez;Mark_501@notamail.ch;+38 79-65-89;2007-11-27T13:39:17;195409;25
334;Cynthia;Hughes;Bobby_3121@notamail.ch;+15 633-45-63;1992-10-19T11:37:42;358574;31
335;Stephen;Brown;Jerry_6117@notamail.ch;+63 96-87-16;2011-01-03T13:49:46;601237;5
336;Ann;Chavez;Patrick_7111@notamail.ch;+80 354-90-51;2000-12-18T08:51:19;444903;5
337;Donna;Young;Jeffrey_3842@notamail.ch;+5 798-64-0;1996-12-21T17:35:31;135170;29
338;Sophia;Cook;Zachary_8329@notamail.ch;+26 777-52-74;2015-04-24T23:48:49;691960;41
339;Kathleen;King;Christian_9892@notamail.ch;+17 540-65-46;2006-05-28T06:45:36;281547;38
340;Theresa;Diaz;Douglas_3221@notamail.ch;+37 748-23-34;1997-08-13T04:38:58;278502;12
341;Megan;Ortiz;Bruce_2794@notamail.ch;+91 490-79-6;2019-10-22T16:28:07;25462;35
342;Dennis;Parker;Mark_1988@notamail.ch;+80 103-75-38;2017-07-12T08:05:24;151864;28
343;Gloria;Scott;Larry_8545@notamail.ch;+62 322-63-8;2011-06-08T22:45:28;724452;45
344;Philip;Lee;Ryan_9123@notamail.ch;+24 86-87-81;1997-01-21T23:57:44;222704;32
345;William;Diaz;Charles_4610@notamail.ch;+87 298-91-18;2014-07-10T11:23:54;77383;3
346;Doris;Myers;Richard_7988@notamail.ch;+0 375-81-94;2008-11-05T04:24:55;124685;46
347;Paul;Wright;Russell_1910@notamail.ch;+43 719-88-63;2006-08-13T12:34:11;193836;3
348;Michael;Cox;George_1275@notamail.ch;+89 605-57-62;2014-04-16T07:30:43;563158;47
349;Jack;Nguyen;Peter_4833@notamail.ch;+57 201-53-56;2003-11-04T07:24:58;45309;9
350;Abigail;Allen;Patrick_7835@notamail.ch;+6 898-73-43;2008-01-22T21:05:56;505668;20
351;Frances;Lee;Matthew_6109@notamail.ch;+82 862-80-27;2012-12-24T05:14:24;424048;20
352;Carl;Martinez;Dennis_4247@notamail.ch;+74 973-65-19;2016-11-03T12:16:20;324636;12
353;Amber;Turner;Vincent_2861@notamail.ch;+84 891-86-53;2022-08-02T16:58:39;53988;1
354;Debra;Gomez;Larry_7305@notamail.ch;+11 366-97-30;2002-05-08T19:07:57;328287;2
355;Russell;Reed;Austin_7737@notamail.ch;+86 741-89-64;2000-11-20T08:20:06;545756;11
356;James;Howard;Keith_7998@notamail.ch;+33 945-16-7;1995-04-16T19:19:47;272307;4
357;Kelly;Watson;Harold_5651@notamail.ch;+1 167-79-93;2009-09-19T03:54:21;59179;34
358;Marilyn;Chavez;Jerry_3103@notamail.ch;+93 394-20-14;1997-12-03T23:43:03;434427;1
359;Grace;Scott;Samuel_4326@notamail.ch;+97 160-19-80;1997-03-25T01:29:47;255246;9
360;Benjamin;Morris;Jason_8119@notamail.ch;+40 530-33-7;2004-09-26T07:05:34;217298;43
361;Larry;Bennet;Brandon_1800@notamail.ch;+48 912-25-70;1995-11-15T21:11:16;277070;15
362;Willie;Thompson;Logan_5332@notamail.ch;+30 96-87-13;2008-07-27T00:49:07;137337;21
363;Steven;Jimenez;Austin_426@notamail.ch;+29 312-86-40;2018-10-03T17:08:28;170919;34
364;Jean;Harris;Jeffrey_1644@notamail.ch;+41 700-78-58;1999-05-06T23:33:14;119484;11
365;Judy;Edwards;Johnny_9172@notamail.ch;+1 711-92-67;2010-02-16T06:17:19;21666;19
366;Janice;Reed;Arthur_2863@notamail.ch;+72 701-77-32;2001-06-28T19:38:30;443955;43
367;Maria;Scott;Alexander_5177@notamail.ch;+68 935-50-49;1999-11-13T13:52:25;618400;10
368;Scott;Taylor;John_313@notamail.ch;+53 704-12-20;1993-09-05T17:51:06;719467;31
369;Nicholas;Scott;Albert_1087@notamail.ch;+54 53-14-77;2002-11-04T04:48:40;87502;23
370;Alan;Lopez;Zachary_3179@notamail.ch;+30 369-46-44;2021-05-09T05:24:02;687797;6
371;Bobby;Sanders;Robert_3971@notamail.ch;+97 955-15-33;2009-01-26T05:09:20;398763;44
372;Jacob;Mitchell;Adam_1428@notamail.ch;+62 413-94-16;1994-02-04T02:21:10;596653;37
373;Martha;Morales;Walter_3941@notamail.ch;+50 518-83-74;2002-07-27T11:18:25;341428;11
374;Amber;Ramirez;Adam_5751@notamail.ch;+98 278-13-70;2008-12-27T24:46:36;645866;41
375;George;Chavez;Austin_7874@notamail.ch;+70 809-33-90;1993-01-19T21:22:10;432668;46
376;Mary;Murphy;Brandon_9187@notamail.ch;+32 520-31-39;1996-07-24T21:46:47;147997;15
377;Gloria;Stewart;Joseph_6765@notamail.ch;+6 972-36-70;2008-10-26T02:50:12;307964;23
378;Christine;Cooper;Alan_9998@notamail.ch;+88 680-12-59;2021-10-07T08:34:59;260021;41
379;Rose;Parker;George_8689@notamail.ch;+16 409-26-87;2005-02-18T12:33:06;710630;36
380;Douglas;Evans;Mark_4174@notamail.ch;+18 532-40-63;2009-10-18T09:25:48;215736;22
381;Alan;Mitchell;Jeffrey_7064@notamail.ch;+23 658-91-78;2013-01-23T04:37:00;191765;5
382;Rebecca;Chavez;Christopher_5023@notamail.ch;+23 137-32-8;2010-12-25T19:44:11;95122;29
383;Karen;Kelly;Steven_9542@notamail.ch;+97 627-31-83;2019-04-24T22:18:55;332691;6
384;Maria;Hill;Jordan_7442@notamail.ch;+77 317-40-9;2003-08-04T18:08:06;673401;21
385;Emily;Ramirez;Ethan_8114@notamail.ch;+17 855-43-39;2010-10-21T18:27:56;685114;28
386;Nancy;Anderson;Christian_8071@notamail.ch;+89 57-24-18;2018-01-09T01:41:12;630418;5
387;Alexander;Turner;Kyle_1138@notamail.ch;+93 70-98-83;1999-01-21T07:24:07;626588;19
388;Charles;Thomas;Donald_772@notamail.ch;+70 582-29-15;2005-09-19T21:37:36;468129;16
389;Beverly;Richardson;Kyle_7234@notamail.ch;+26 396-85-87;1993-08-23T19:53:23;435626;32
390;Jason;Long;Ethan_3995@notamail.ch;+76 493-66-64;2003-11-09T17:33:06;311865;23
391;Michelle;Sanchez;Walter_6480@notamail.ch;+38 100-43-43;2018-05-02T08:59:33;630931;25
392;Dylan;Watson;Gerald_6608@notamail.ch;+48 468-51-82;2012-03-06T19:07:15;338357;17
393;Frank;Flores;Tyler_3650@notamail.ch;+55 854-39-81;2011-02-20T00:15:50;16853;11
394;Paul;Smith;Daniel_3280@notamail.ch;+68 834-25-57;2008-04-25T22:37:56;377676;31
395;Wayne;Baker;Frank_1086@notamail.ch;+46 32-53-74;1999-08-21T11:37:23;705724;7
396;Walter;Torres;Zachary_7304@notamail.ch;+6 66-92-66;1996-11-05T03:48:11;361003;43
397;Carol;Campbell;Kenneth_8453@notamail.ch;+68 955-5-89;2003-07-08T05:41:16;71670;9
398;Lawrence;Collins;John_8809@notamail.ch;+14 564-87-86;1992-03-16T15:54:03;506086;45
399;Rose;Murphy;Willie_5414@notamail.ch;+2 390-90-12;2009-01-08T15:24:56;425601;10
400;Olivia;Ortiz;Dennis_435@notamail.ch;+62 462-57-72;2006-07-26T16:10:42;655470;3
401;Frank;King;Ronald_2365@notamail.ch;+24 402-74-8;2017-09-24T13:20:00;175511;12
402;Victoria;Martinez;Scott_1543@notamail.ch;+20 624-12-51;2022-08-28T03:41:30;254763;47
403;Laura;Anderson;Jordan_2687@notamail.ch;+32 495-26-38;2019-04-02T21:54:38;530243;11
404;Elijah;Gonzales;Vincent_4432@notamail.ch;+45 638-57-84;1994-09-18T21:23:41;178482;10
405;Albert;Jackson;Bobby_2069@notamail.ch;+59 639-89-32;2013-02-01T24:52:11;72219;8
406;Shirley;Collins;Austin_3739@notamail.ch;+93 166-74-36;1996-09-15T06:31:59;58167;15
407;Paul;Smith;Douglas_3727@notamail.ch;+0 386-53-84;2020-05-18T11:20:28;688138;15
408;Wayne;Martinez;Jordan_9902@notamail.ch;+63 116-49-74;1999-07-26T19:23:29;191003;35
409;Terry;Green;Daniel_4407@notamail.ch;+21 886-7-35;1997-11-15T03:50:39;307198;32
410;Jessica;Diaz;David_7438@notamail.ch;+54 560-43-3;2003-01-08T01:04:31;651102;45
411;David;Moore;Jonathan_8418@notamail.ch;+11 267-62-52;2009-02-19T11:40:25;200306;45
412;Dorothy;James;Stephen_763@notamail.ch;+40 482-67-6;2009-04-26T23:55:21;742798;29
413;Amber;Jones;Timothy_7137@notamail.ch;+70 946-50-73;2005-01-06T03:06:08;97512;32
414;Helen;Morgan;Michael_7925@notamail.ch;+85 890-80-71;2012-08-13T22:07:49;345248;5
415;Ronald;Price;Wayne_2527@notamail.ch;+85 152-9-91;2010-09-17T22:46:13;303536;36
416;Michelle;Jimenez;Edward_6582@notamail.ch;+41 565-5-19;1993-05-15T13:51:56;303374;5
417;Pamela;Nguyen;Kevin_4020@notamail.ch;+31 504-56-46;1994-01-25T15:11:04;251459;23
418;Vincent;Diaz;Stephen_4315@notamail.ch;+29 253-8-27;1996-05-19T22:43:49;667362;15
419;Nancy;Nelson;Tyler_5041@notamail.ch;+41 394-14-8;2017-03-18T07:42:51;681044;46
420;Patrick;Lee;Russell_9303@notamail.ch;+46 665-22-4;2004-12-05T06:25:41;413495;28
421;Frances;Cruz;Jordan_517@notamail.ch;+63 812-42-34;2022-12-05T23:39:05;464964;43
422;Kayla;Green;Richard_1727@notamail.ch;+19 840-80-58;1991-03-14T15:08:06;318108;11
423;Jennifer;Murphy;Eric_2394@notamail.ch;+15 430-37-49;2011-09-09T02:22:12;30016;7
424;Sharon;Allen;Gabriel_6975@notamail.ch;+37 825-24-98;2005-02-21T04:08:52;58838;19
425;Emily;Murphy;Nathan_9016@notamail.ch;+39 760-84-86;2001-06-15T03:08:15;287974;41
426;Jason;Sanchez;Kevin_3906@notamail.ch;+30 669-40-71;2010-03-26T16:18:24;382495;4
427;Jessica;Castillo;Vincent_3604@notamail.ch;+10 293-45-31;1997-01-09T09:15:52;176044;38
428;Alexander;Ward;Jerry_9228@notamail.ch;+47 739-39-77;2014-02-20T08:20:31;165411;47
429;Matthew;Parker;Paul_4983@notamail.ch;+47 86-8-37;2019-02-16T10:34:11;24496;19
430;Vincent;Ross;Elijah_190@notamail.ch;+51 476-24-0;1999-06-09T09:53:34;167791;14
431;Joseph;Cook;Eugene_1500@notamail.ch;+64 178-29-32;1998-02-20T18:27:49;107697;14
432;Laura;Rivera;Donald_4404@notamail.ch;+86 12-75-71;2003-12-08T13:23:01;541238;12
433;Douglas;Ramirez;Eugene_4259@notamail.ch;+2 11-69-41;2015-05-15T16:24:19;487684;5
434;Theresa;Roberts;Richard_467@notamail.ch;+42 848-79-0;2012-03-01T03:10:56;338864;18
435;Ronald;Chavez;Jeffrey_5017@notamail.ch;+26 897-69-23;2006-07-25T04:28:58;580440;16
436;Lisa;Turner;Nathan_5599@notamail.ch;+31 874-25-93;2022-08-11T22:58:35;632121;27
437;Teresa;Turner;Philip_4198@notamail.ch;+66 14-54-66;1991-12-16T24:32:53;662327;6
438;Ronald;Flores;Ethan_8358@notamail.ch;+42 109-62-76;2006-05-07T04:11:40;590325;40
439;Joshua;Alvarez;Nathan_6856@notamail.ch;+18 605-4-68;1994-06-17T24:31:09;552431;35
440;Marilyn;Kelly;Jerry_4724@notamail.ch;+94 675-36-72;2019-01-18T10:32:28;306912;8
441;Diana;Bailey;Michael_4780@notamail.ch;+73 985-94-5;1991-10-27T22:46:19;579238;43
442;Heather;Martin;Daniel_6317@notamail.ch;+47 688-48-54;1993-02-21T12:49:12;44018;35
443;Megan;Hill;George_9603@notamail.ch;+46 822-41-60;1998-10-23T11:44:14;709811;11
444;Patrick;Hill;Alan_8879@notamail.ch;+42 813-90-45;1995-07-28T14:36:35;393618;33
445;Melissa;Bennet;Alexander_5461@notamail.ch;+28 455-86-31;2022-03-08T20:20:15;694305;34
446;Diane;Nguyen;John_3293@notamail.ch;+11 701-57-70;2021-01-28T09:24:35;655501;2
447;Theresa;Richardson;Dylan_1938@notamail.ch;+28 132-32-8;2010-10-17T12:55:31;273971;35
448;Paul;Lee;Arthur_6985@notamail.ch;+65 10-85-65;2005-08-20T17:30:11;171948;19
449;Angela;Richardson;Eugene_8704@notamail.ch;+95 887-13-73;2011-06-12T21:08:18;328595;24
450;Nicole;Taylor;Juan_8853@notamail.ch;+86 562-65-91;2017-11-15T21:34:37;426333;17
451;Eric;Wilson;Justin_3167@notamail.ch;+34 729-63-37;1996-03-25T01:48:27;460852;40
452;Diane;Long;Ryan_3162@notamail.ch;+12 392-56-37;2009-09-11T18:52:47;637478;35
453;Henry;Stewart;Lawrence_7356@notamail.ch;+66 938-65-6;2022-06-21T01:17:41;88135;16
454;Steven;Baker;Jordan_8269@notamail.ch;+28 667-45-10;2002-12-03T04:10:25;614530;40
455;Andrew;Green;Juan_299@notamail.ch;+6 541-69-35;2005-02-21T11:53:40;470241;45
456;Douglas;Nguyen;Mark_5793@notamail.ch;+72 822-46-78;2012-06-23T24:44:01;299508;19
457;Alan;Phillips;Noah_5084@notamail.ch;+44 289-13-84;1999-03-09T05:51:03;101364;22
458;Alexis;Gutierrez;Joshua_3964@notamail.ch;+54 199-75-14;2005-05-09T22:47:33;208712;11
459;Joyce;Parker;Donald_1033@notamail.ch;+46 638-27-27;1995-08-01T18:00:14;681555;31
460;Helen;Adams;Alan_6381@notamail.ch;+9 316-49-34;2002-04-28T17:23:06;100360;43
461;Ruth;Parker;Aaron_5800@notamail.ch;+69 705-47-15;2006-11-01T19:56:57;319779;25
462;Jonathan;Adams;Patrick_5325@notamail.ch;+6 264-59-68;1996-06-28T20:38:32;347539;2
463;Samuel;Brooks;Douglas_2809@notamail.ch;+73 504-28-75;2003-03-25T20:46:41;502098;5
464;Anna;Wood;William_1730@notamail.ch;+91 969-53-69;2019-12-16T10:54:18;362730;22
465;Kathleen;Robinson;Jesse_2746@notamail.ch;+94 738-9-16;2004-12-01T18:49:49;368023;7
466;Katherine;Wright;Jose_6788@notamail.ch;+82 947-35-19;2021-01-19T17:41:05;232685;43
467;Julia;Thomas;George_4802@notamail.ch;+82 974-6-77;1995-10-07T14:33:34;123903;13
468;Andrea;Morgan;Scott_7010@notamail.ch;+33 583-79-38;2016-09-13T00:17:23;619211;18
469;Noah;Morales;Joshua_1481@notamail.ch;+29 818-73-49;1997-03-13T16:07:52;452804;9
470;Elijah;Morgan;Logan_2956@notamail.ch;+20 264-39-5;2012-05-08T18:44:03;409584;42
471;Janet;Wood;Lawrence_290@notamail.ch;+14 477-18-13;1996-10-16T15:01:28;96530;17
472;Sara;Edwards;Wayne_2852@notamail.ch;+34 595-14-43;1999-07-02T08:24:21;229214;2
473;Scott;Gonzales;Ryan_2322@notamail.ch;+76 773-50-72;2015-04-07T24:46:46;671304;40
474;Christine;Gonzales;Joshua_3447@notamail.ch;+15 931-59-30;2021-09-01T08:01:48;87140;28
475;Victoria;Foster;Jeffrey_9729@notamail.ch;+70 494-5-1;2013-11-03T24:44:56;370823;31
476;Billy;Bailey;Peter_758@notamail.ch;+99 957-78-0;2001-04-23T14:45:46;451787;30
477;Christopher;Clark;Ronald_93@notamail.ch;+84 104-70-45;2006-06-11T11:28:39;561111;1
478;Juan;Carter;Arthur_5163@notamail.ch;+46 242-80-99;1996-12-11T07:52:38;29525;23
479;Jean;Morris;Jose_6635@notamail.ch;+72 236-2-40;2019-08-14T03:02:47;418492;27
480;Keith;Edwards;Ryan_241@notamail.ch;+6 557-1-55;1996-09-13T08:13:25;683554;42
481;Jason;White;Harold_2037@notamail.ch;+3 786-69-83;2020-03-26T18:03:31;701767;3
482;Christian;Long;Henry_9409@notamail.ch;+39 380-74-11;2011-08-20T11:29:20;343103;10
483;Gerald;King;Donald_9745@notamail.ch;+30 158-46-41;1993-07-03T11:53:02;304523;39
484;Christina;Thomas;Zachary_2707@notamail.ch;+8 439-52-65;2015-09-24T03:25:53;695716;39
485;Lawrence;Hernandez;Nicholas_9835@notamail.ch;+41 645-9-66;2019-07-03T07:18:02;165017;21
486;Deborah;Clark;Johnny_5933@notamail.ch;+50 514-81-93;1992-04-10T20:07:44;408774;39
487;Donna;Adams;Edward_7719@notamail.ch;+26 446-27-51;2019-01-20T04:11:33;24163;7
488;Eric;King;Alan_6984@notamail.ch;+2 797-59-2;2018-02-09T19:12:24;576044;13
489;Theresa;Lewis;Robert_2585@notamail.ch;+93 657-69-78;1991-07-14T03:47:21;142710;4
490;Patrick;Cruz;Henry_7806@notamail.ch;+25 28-13-74;2016-01-14T23:16:51;677003;43
491;Benjamin;Johnson;Robert_5480@notamail.ch;+76 747-79-50;2001-02-05T03:55:36;533060;36
492;Jack;Nelson;Louis_4983@notamail.ch;+16 372-72-33;2004-02-08T09:11:37;72666;28
493;Philip;Collins;Dennis_1350@notamail.ch;+82 555-60-33;1994-12-05T17:14:12;747710;19
494;Judy;Davis;Jeffrey_2769@notamail.ch;+51 496-34-41;1998-07-08T20:52:30;692415;40
495;Kevin;Rodriguez;Aaron_8049@notamail.ch;+27 133-38-87;2022-03-25T19:50:41;308941;34
496;Beverly;King;Edward_9476@notamail.ch;+60 778-38-10;1995-02-04T19:56:10;69571;24
497;Jason;Sanchez;Vincent_7865@notamail.ch;+42 957-94-46;2016-12-18T03:21:46;125998;4
498;Lawrence;Jimenez;Gary_8062@notamail.ch;+12 709-82-59;2014-02-11T16:31:53;648253;36
499;Nicole;Reed;Billy_4158@notamail.ch;+99 29-73-87;2005-03-23T22:14:19;486753;32
500;Philip;Jimenez;Adam_7188@notamail.ch;+68 961-98-21;1994-04-15T09:19:29;587004;37
501;David;Foster;Jonathan_7413@notamail.ch;+4 89-87-38;1992-06-20T16:55:30;617318;20
502;Bobby;Collins;Samuel_9067@notamail.ch;+51 396-63-70;2009-11-28T23:31:53;593515;22
503;Ruth;Miller;Robert_3629@notamail.ch;+48 410-86-96;2022-07-12T15:57:42;45661;12
504;Alan;Morales;Bryan_4147@notamail.ch;+89 911-98-65;2022-12-08T04:38:27;567871;8
505;Amber;Kelly;Peter_8538@notamail.ch;+71 241-29-42;2009-11-27T06:01:12;651906;23
506;George;Allen;Russell_6382@notamail.ch;+22 848-86-38;2006-11-28T21:06:34;40606;26
507;Marie;Allen;Logan_8390@notamail.ch;+57 578-1-88;1996-04-17T00:33:20;128773;40
508;Jennifer;Mendoza;Gerald_4431@notamail.ch;+45 885-42-77;2009-11-02T10:09:49;158416;18
509;Rose;Morgan;John_4773@notamail.ch;+51 891-48-71;2008-10-01T21:08:08;215794;3
510;Patricia;Collins;Mark_6187@notamail.ch;+97 482-57-56;2003-07-10T18:36:02;241646;34
511;Diane;Hughes;Jonathan_8915@notamail.ch;+45 957-4-39;2019-12-12T12:20:54;213351;18
512;Samuel;Patel;Keith_9077@notamail.ch;+77 479-91-89;2005-02-14T11:45:53;153832;44
513;Zachary;Brown;Tyler_5817@notamail.ch;+22 533-95-71;2002-03-20T10:10:53;494090;34
514;Scott;Robinson;Jeremy_592@notamail.ch;+25 537-5-20;2018-08-20T08:38:34;376251;41
515;Christina;Allen;James_4668@notamail.ch;+72 287-37-62;2009-11-10T02:29:27;397631;14
516;Terry;Jackson;Philip_770@notamail.ch;+68 772-5-26;2004-12-25T00:49:03;309368;44
517;Marie;Alvarez;Paul_6881@notamail.ch;+82 595-89-82;2018-05-21T23:42:22;304206;33
518;Brittany;Peterson;Gabriel_3840@notamail.ch;+85 774-16-55;1992-07-02T02:47:00;233935;14
519;Frances;King;Austin_6933@notamail.ch;+88 250-36-58;2022-05-10T24:56:14;13601;47
520;David;Gutierrez;Roy_6428@notamail.ch;+72 635-50-98;2019-08-23T24:08:48;373373;36
521;Jacqueline;Mitchell;Samuel_2543@notamail.ch;+38 60-44-18;1995-02-23T19:28:15;307910;24
522;Douglas;Bailey;Albert_7895@notamail.ch;+24 890-23-74;2007-07-06T19:09:26;359072;28
523;Maria;Hernandez;Zachary_6629@notamail.ch;+59 238-80-32;2018-03-22T14:20:48;375464;42
524;Keith;Morales;Jeremy_6551@notamail.ch;+88 315-79-64;2016-07-05T00:36:21;579684;2
525;Shirley;Nguyen;Carl_509@notamail.ch;+26 807-36-15;1998-02-27T03:17:26;111733;32
526;Ashley;Hill;Terry_1512@notamail.ch;+89 436-95-49;1997-07-04T08:01:54;135350;23
527;Justin;Ruiz;Juan_1778@notamail.ch;+71 263-2-12;2020-07-20T20:51:37;608273;3
528;Ruth;Cooper;Russell_2724@notamail.ch;+80 400-84-9;2009-07-01T24:27:29;542589;31
529;Cheryl;Parker;Gary_3596@notamail.ch;+21 581-94-87;1995-03-07T12:35:59;518875;46
530;Margaret;Harris;Walter_8913@notamail.ch;+58 743-24-35;2011-02-05T13:30:46;401550;47
531;Ruth;Morris;Roy_7168@notamail.ch;+48 873-0-8;2000-06-27T13:22:59;385052;41
532;Nathan;Gonzales;Nicholas_315@notamail.ch;+83 163-79-81;1994-06-09T16:45:12;755510;29
533;Susan;Lopez;Keith_9817@notamail.ch;+21 379-79-60;1993-09-07T21:34:30;529701;42
534;William;Flores;Thomas_3570@notamail.ch;+0 548-24-56;1996-11-07T23:17:40;293105;47
535;Frank;Long;Tyler_8549@notamail.ch;+27 487-18-86;2019-06-25T08:43:41;556784;37
536;Donna;Taylor;Terry_1952@notamail.ch;+30 95-79-55;2005-05-13T15:27:07;743275;24
537;Jennifer;Bennet;Steven_818@notamail.ch;+68 320-83-27;2021-02-15T13:04:11;663506;22
538;Shirley;Carter;Gregory_7267@notamail.ch;+59 623-12-47;2002-06-25T17:35:34;669612;15
539;Wayne;Morris;Dennis_1003@notamail.ch;+61 749-97-65;2014-10-23T00:29:21;706757;25
540;Eugene;Bennet;George_569@notamail.ch;+36 515-96-79;1993-05-19T04:29:29;667023;45
541;Kevin;Martin;Patrick_606@notamail.ch;+89 664-51-96;1992-08-17T03:17:32;204616;25
542;Catherine;Baker;Jesse_1839@notamail.ch;+57 37-44-13;1991-12-22T17:38:49;483174;47
543;Randy;Baker;Lawrence_1271@notamail.ch;+91 121-15-20;1997-07-12T16:54:27;715507;12
544;Bruce;Castillo;Gregory_438@notamail.ch;+93 517-32-14;2017-03-10T13:36:56;466094;46
545;Olivia;Torres;Austin_9955@notamail.ch;+83 799-67-66;2011-02-03T08:51:05;708351;39
546;Joe;Gomez;Harold_103@notamail.ch;+84 556-36-61;2017-04-24T19:32:02;91605;28
547;Ethan;Gonzales;Dylan_6561@notamail.ch;+5 370-83-94;2018-01-11T21:44:02;98201;38
548;Emily;Robinson;Ryan_2293@notamail.ch;+19 304-41-26;1993-04-18T06:05:24;745762;16
549;Austin;King;Justin_3284@notamail.ch;+1 214-97-30;2004-06-20T17:15:09;233926;18
550;Ruth;Green;Gregory_4398@notamail.ch;+20 308-31-28;2015-06-10T14:49:17;422288;31
551;Melissa;Rogers;Kenneth_5070@notamail.ch;+1 317-7-44;1995-03-01T03:00:38;482794;23
552;Jonathan;Peterson;Austin_4505@notamail.ch;+75 773-6-10;1993-06-23T13:58:04;581423;6
553;Carol;Reed;Ethan_3746@notamail.ch;+48 989-45-9;1993-12-16T24:06:00;70033;37
554;Katherine;Reed;Sean_4512@notamail.ch;+19 413-27-6;1993-09-01T19:36:28;343196;45
555;Daniel;Brooks;Nicholas_560@notamail.ch;+11 566-78-18;1998-06-07T12:36:09;176352;2
556;Patrick;Nelson;Russell_3667@notamail.ch;+67 590-21-85;2003-05-10T16:06:41;382138;17
557;Logan;Morris;William_7806@notamail.ch;+28 591-57-90;2006-07-11T07:06:47;467239;47
558;Isabella;Martinez;Brian_139@notamail.ch;+1 126-20-11;2014-03-07T10:07:51;293684;35
559;Joe;Sanders;George_2158@notamail.ch;+68 251-82-0;2019-02-20T22:17:48;535671;36
560;Alice;Gomez;Stephen_2228@notamail.ch;+10 250-10-2;2021-07-22T13:17:32;238316;3
561;Jennifer;Parker;Jack_393@notamail.ch;+12 66-16-27;2017-09-01T12:07:58;49623;14
562;Lauren;Torres;Jose_2093@notamail.ch;+74 127-14-74;1996-07-19T24:59:01;552272;24
563;Evelyn;Ramos;Ralph_2802@notamail.ch;+91 953-46-73;2017-05-25T06:18:31;659995;27
564;Lawrence;Collins;Benjamin_693@notamail.ch;+57 657-49-28;1992-01-28T19:07:10;398625;20
565;Charlotte;Clark;Larry_5742@notamail.ch;+65 420-17-82;2000-11-06T10:52:26;54896;27
566;Doris;Ortiz;Jacob_7559@notamail.ch;+94 309-6-11;2018-08-05T03:30:31;63781;39
567;Amber;Gutierrez;Albert_295@notamail.ch;+13 755-89-73;1997-05-07T08:53:04;287869;36
568;Kevin;Jimenez;Alan_8622@notamail.ch;+40 527-79-75;1991-03-25T15:17:06;362391;27
569;Julia;Gonzales;Adam_2949@notamail.ch;+89 193-99-39;1991-06-08T08:42:22;24085;19
570;Kathryn;Wood;Jordan_3116@notamail.ch;+87 334-29-48;2004-11-03T01:18:32;357256;33
571;Nicole;Jackson;Bruce_6352@notamail.ch;+84 277-80-27;1992-10-05T20:54:42;170917;9
572;Brian;Baker;Dylan_4398@notamail.ch;+5 741-79-46;2005-01-11T03:22:59;609822;25
573;Brenda;Flores;Harold_3966@notamail.ch;+89 38-92-34;2000-03-07T20:29:16;258646;12
574;Anthony;Campbell;Jeffrey_7382@notamail.ch;+38 671-13-58;1996-03-07T13:50:06;390550;21
575;Deborah;Miller;John_8150@notamail.ch;+28 325-76-8;2011-05-19T08:57:52;627410;15
576;Susan;Brooks;Zachary_2933@notamail.ch;+60 645-50-3;2016-10-12T16:08:59;500726;33
577;Dylan;Hernandez;John_6152@notamail.ch;+57 503-87-92;2017-05-03T01:03:53;679946;11
578;Bobby;Castillo;Gerald_869@notamail.ch;+77 140-1-71;2000-08-05T11:36:14;383106;28
579;Timothy;Reed;Patrick_9766@notamail.ch;+46 931-88-30;2020-03-28T22:55:12;472698;7
580;Jose;Richardson;Logan_8868@notamail.ch;+67 397-63-60;2019-06-05T18:27:56;28162;8
581;Gregory;Price;Albert_8311@notamail.ch;+55 331-44-87;2017-03-01T12:56:17;530285;5
582;Shirley;Ortiz;Roger_8856@notamail.ch;+92 148-93-21;2006-11-19T00:54:56;63760;2
583;Sophia;Bennet;Arthur_1749@notamail.ch;+22 370-80-46;2006-11-17T00:55:35;423237;5
584;Kelly;Castillo;Willie_2807@notamail.ch;+96 311-16-85;2013-06-24T21:44:44;514560;44
585;Sean;Torres;Sean_5848@notamail.ch;+37 441-27-13;2011-02-20T20:35:31;290471;6
586;Madison;Jimenez;George_7813@notamail.ch;+51 623-76-59;1997-03-07T00:07:26;589404;9
587;Marie;Scott;Jeremy_8308@notamail.ch;+90 179-58-64;2022-08-10T11:58:51;248831;11
588;Kelly;Roberts;Nicholas_6772@notamail.ch;+93 994-11-30;1991-10-26T04:07:46;506358;38
589;Daniel;Gonzales;Jose_101@notamail.ch;+66 548-99-2;2007-08-06T01:05:23;722743;22
590;Jordan;Moore;Aaron_5745@notamail.ch;+9 656-87-45;2021-06-15T22:36:23;650278;20
591;Marie;Allen;Ryan_6160@notamail.ch;+26 694-82-80;2002-06-16T04:54:46;323295;35
592;Timothy;Carter;Steven_3218@notamail.ch;+51 442-29-42;2012-03-20T04:26:24;168602;9
593;Albert;Cook;Justin_6952@notamail.ch;+63 737-90-95;2022-07-11T06:21:27;465225;8
594;Jacob;Castillo;Arthur_1658@notamail.ch;+11 874-23-88;2013-05-25T17:21:24;753426;11
595;Judy;Lewis;Ralph_1807@notamail.ch;+40 625-89-14;2006-11-13T11:34:23;596755;2
596;Brian;Parker;Sean_6390@notamail.ch;+12 514-11-47;2018-06-25T09:08:58;738339;2
597;Brian;Torres;Jack_9252@notamail.ch;+76 230-74-63;2019-04-13T24:20:13;284344;32
598;Katherine;Diaz;Alan_9772@notamail.ch;+1 412-8-77;2002-06-15T12:08:48;245831;43
599;Dorothy;Rodriguez;Anthony_9532@notamail.ch;+60 521-39-18;1993-08-17T04:33:38;172883;43
600;Gloria;Davis;Ralph_5370@notamail.ch;+35 931-26-5;2015-10-09T06:58:33;707005;47
601;Abigail;Thomas;Carl_4513@notamail.ch;+54 581-33-22;2008-07-19T22:20:20;586704;24
602;Judy;Wood;Jose_1709@notamail.ch;+10 306-75-89;2019-06-18T15:32:46;609293;38
603;Bryan;Edwards;George_4363@notamail.ch;+34 52-37-24;1992-07-21T17:44:47;425942;45
604;Angela;Stewart;Elijah_7421@notamail.ch;+52 627-18-73;1994-01-17T12:41:25;538686;47
605;Victoria;Smith;Samuel_72@notamail.ch;+35 622-12-39;2015-05-08T09:42:50;678937;16
606;Jesse;Flores;Roy_3967@notamail.ch;+27 643-80-70;1995-11-17T08:50:02;89754;23
607;Grace;Kelly;Anthony_4221@notamail.ch;+34 794-30-72;2007-04-05T15:15:14;103768;46
608;Joshua;Brown;Elijah_5919@notamail.ch;+21 182-6-13;2018-04-28T00:19:06;560692;7
609;David;Turner;Terry_6469@notamail.ch;+56 846-62-55;2000-10-14T13:59:11;730302;2
610;Harold;Young;Kenneth_99@notamail.ch;+8 202-56-92;1992-06-17T04:11:50;644520;21
611;Mary;Cooper;Eugene_2452@notamail.ch;+34 412-31-50;1995-05-20T12:03:04;714583;13
612;Dennis;Garcia;Willie_5336@notamail.ch;+56 254-95-69;1996-08-06T17:48:52;590696;25
613;Christopher;Turner;Donald_783@notamail.ch;+26 51-25-41;1991-02-02T12:22:48;554619;14
614;Sara;King;Harold_2271@notamail.ch;+96 628-75-54;1999-10-13T17:30:27;495660;42
615;Margaret;Parker;William_1491@notamail.ch;+62 449-1-73;2003-08-12T22:16:59;650720;13
616;Samantha;Gutierrez;Frank_2991@notamail.ch;+89 941-48-88;2003-12-11T24:24:45;557434;2
617;Betty;Jones;Alan_5619@notamail.ch;+58 242-77-12;1996-02-18T06:32:31;39743;10
618;Russell;Ruiz;Bruce_2792@notamail.ch;+93 305-84-55;2019-02-22T16:22:56;256853;4
619;Donna;Campbell;Donald_2794@notamail.ch;+18 73-63-76;2005-04-13T14:21:02;324588;46
620;Samuel;Diaz;Dennis_8920@notamail.ch;+21 873-60-30;2005-12-23T00:54:06;231586;1
621;Danielle;Gonzales;Alexander_4705@notamail.ch;+87 32-60-49;1992-12-15T12:43:40;339765;12
622;Juan;Howard;Harold_1085@notamail.ch;+68 164-42-34;2000-12-12T01:53:45;506943;24
623;Natalie;Reed;Michael_7639@notamail.ch;+70 705-11-4;2006-03-10T16:09:26;442173;37
624;Keith;Morgan;Eugene_8708@notamail.ch;+64 259-95-39;1996-08-08T10:33:13;338957;18
625;Teresa;Garcia;Walter_9719@notamail.ch;+22 250-95-45;2008-04-05T21:44:41;480181;34
626;Zachary;Martinez;Jesse_3531@notamail.ch;+42 613-74-15;2017-05-02T20:54:01;232369;12
627;Stephanie;Rogers;Bobby_9744@notamail.ch;+5 734-87-2;2022-12-14T02:51:15;295138;43
628;Christina;King;Logan_4978@notamail.ch;+36 826-57-75;2021-06-25T00:46:21;714789;7
629;Daniel;Sanchez;Alan_7711@notamail.ch;+38 367-11-32;1994-02-03T09:28:53;695609;12
630;Brandon;Miller;Lawrence_5792@notamail.ch;+87 877-15-72;2016-04-25T13:22:01;72828;4
631;Justin;Wright;Dennis_9407@notamail.ch;+13 358-31-94;2013-11-12T04:51:49;514901;10
632;Ronald;Reyes;Nathan_8435@notamail.ch;+45 678-6-16;2000-03-26T21:35:48;406604;15
633;Brian;Garcia;Louis_5122@notamail.ch;+96 502-69-15;2014-11-21T09:36:29;412297;18
634;Benjamin;Ward;Harold_4897@notamail.ch;+3 39-55-99;1996-03-06T00:37:55;287648;27
635;Nicholas;Ward;Johnny_2360@notamail.ch;+89 97-44-30;2009-12-14T20:57:31;754805;29
636;Jack;Nguyen;Alexander_3279@notamail.ch;+44 370-73-83;1998-02-13T07:38:11;23234;31
637;Thomas;Mendoza;Patrick_7503@notamail.ch;+94 313-3-37;2004-08-05T10:19:27;215171;14
638;Melissa;Cox;Kenneth_9840@notamail.ch;+11 549-20-75;2007-05-23T05:27:59;691139;42
639;Anna;Alvarez;Ryan_4699@notamail.ch;+88 372-36-50;1992-06-15T14:47:28;590647;16
640;Henry;Reed;Tyler_4983@notamail.ch;+4 830-21-93;1993-09-24T12:44:07;420118;42
641;Noah;Martin;David_7405@notamail.ch;+83 366-77-8;2016-06-24T05:06:54;112114;29
642;Peter;Ramirez;Wayne_3607@notamail.ch;+60 750-91-92;2021-07-20T15:45:15;152359;4
643;Benjamin;Stewart;Robert_4939@notamail.ch;+54 202-30-9;2018-04-04T22:11:56;366463;32
644;Anna;Harris;Logan_5047@notamail.ch;+38 904-6-31;2014-12-04T02:23:40;394739;23
645;Theresa;Bennet;Daniel_5749@notamail.ch;+33 724-72-55;2016-09-04T01:50:40;181370;19
646;Frances;Sanchez;Jacob_4238@notamail.ch;+23 2-51-81;2007-01-01T11:33:29;563992;16
647;Ralph;Morgan;Kenneth_9233@notamail.ch;+96 726-10-77;1993-04-15T12:58:34;541097;39
648;Joan;Patel;Terry_7306@notamail.ch;+99 549-24-3;1994-04-25T01:24:45;621476;35
649;Henry;Flores;Alexander_8572@notamail.ch;+41 178-56-67;1992-01-16T14:04:23;316794;31
650;Ann;Cook;Peter_7640@notamail.ch;+6 174-26-15;2016-06-24T16:31:00;269981;41
651;Susan;Mitchell;Jordan_660@notamail.ch;+8 199-35-53;2000-06-10T16:35:30;97468;14
652;Joseph;Myers;Juan_8175@notamail.ch;+3 164-72-68;2007-07-05T04:20:13;141963;35
653;Julie;Castillo;Robert_1095@notamail.ch;+11 627-61-71;2001-08-23T02:22:13;563368;44
654;Samuel;Scott;Alexander_1757@notamail.ch;+20 958-49-70;2003-06-07T12:57:34;255026;36
655;Jerry;Myers;Vincent_1317@notamail.ch;+48 459-62-69;2008-02-02T04:56:54;372355;4
656;Jeffrey;Scott;Juan_7528@notamail.ch;+94 557-97-17;1999-09-07T09:26:52;394523;47
657;Theresa;Jimenez;Keith_2325@notamail.ch;+7 172-61-28;2018-10-08T22:20:07;380325;43
658;Dorothy;Lopez;Brian_9560@notamail.ch;+77 233-89-66;1994-04-13T05:41:13;277764;27
659;Christina;Ross;Benjamin_6077@notamail.ch;+73 539-38-26;2018-07-12T00:22:55;469348;31
660;Elizabeth;Howard;Edward_5523@notamail.ch;+28 222-96-43;1997-05-07T03:28:12;620207;29
661;Janet;Clark;Donald_9083@notamail.ch;+59 17-28-48;2000-02-19T24:28:42;156138;12
662;Laura;Allen;Ryan_1254@notamail.ch;+1 272-7-21;2021-04-06T05:26:19;459385;3
663;Olivia;Richardson;Michael_991@notamail.ch;+27 398-1-73;2015-09-14T04:51:57;64869;16
664;Diane;Rodriguez;Russell_5689@notamail.ch;+39 507-34-36;2017-06-13T04:51:20;302061;19
665;William;Hill;Kenneth_9152@notamail.ch;+73 881-32-49;2013-10-20T20:50:36;673462;3
666;Judith;Gomez;Brandon_9886@notamail.ch;+33 192-86-68;1994-09-27T20:08:21;553377;21
667;Alan;Anderson;Patrick_8153@notamail.ch;+43 448-17-73;2013-03-26T11:18:29;602640;31
668;George;Ward;James_738@notamail.ch;+18 985-97-22;2017-11-07T12:20:36;625853;41
669;Catherine;Perez;Timothy_9952@notamail.ch;+14 897-4-44;1999-01-07T15:35:56;743709;4
670;Bruce;Long;Michael_1949@notamail.ch;+68 695-61-93;2017-09-12T18:10:16;367237;15
671;Beverly;Brown;Stephen_756@notamail.ch;+80 5-31-54;1993-05-26T16:00:48;558049;13
672;Kimberly;King;Nicholas_5741@notamail.ch;+39 344-98-64;2007-02-16T08:22:51;356537;20
673;Steven;Patel;Henry_672@notamail.ch;+86 9-43-50;2003-06-20T05:48:44;310998;37
674;Isabella;Ortiz;Jack_1277@notamail.ch;+2 976-33-13;2006-05-22T03:19:53;21204;8
675;Scott;Martinez;Donald_4428@notamail.ch;+60 576-33-17;1993-05-20T01:44:45;622994;23
676;Ethan;Smith;Ralph_5375@notamail.ch;+36 637-41-48;1996-10-01T01:10:09;512824;2
677;William;Ross;Nathan_1894@notamail.ch;+26 53-53-85;2018-05-22T05:32:28;587200;33
678;Charles;Reed;Keith_4588@notamail.ch;+82 280-89-52;2005-09-15T20:08:10;577621;20
679;Ann;Wilson;Carl_9976@notamail.ch;+53 384-1-55;2009-03-19T05:00:07;122018;8
680;Elijah;Evans;Gregory_6600@notamail.ch;+28 745-95-63;2000-07-06T16:54:32;285121;12
681;Amber;Gonzales;Kenneth_7206@notamail.ch;+51 983-2-22;2011-07-19T02:21:43;581287;12
682;Jesse;Martinez;John_6298@notamail.ch;+48 731-16-21;2018-02-28T23:47:28;49107;25
683;Bobby;White;Richard_1572@notamail.ch;+40 781-8-13;2009-04-07T09:10:42;524911;43
684;Sean;Moore;Brandon_7380@notamail.ch;+69 112-61-4;2012-09-12T17:27:56;410392;26
685;Aaron;Rodriguez;Samuel_6703@notamail.ch;+85 425-74-50;2001-08-28T06:07:53;55548;16
686;Marilyn;Williams;Jonathan_5070@notamail.ch;+91 322-77-39;2004-07-09T19:06:13;568176;45
687;Alexander;Williams;Zachary_8163@notamail.ch;+45 359-60-81;1992-01-18T23:49:56;180591;25
688;Roy;Kim;Jack_1978@notamail.ch;+79 227-63-89;2004-03-16T17:58:52;571169;2
689;Nathan;Ward;Larry_3493@notamail.ch;+11 923-45-35;2010-11-20T23:58:05;251369;44
690;William;Ramirez;Gary_2117@notamail.ch;+67 796-12-53;1996-07-23T03:15:28;630501;6
691;Kelly;Patel;Jack_3485@notamail.ch;+83 593-46-85;2022-12-09T23:59:19;147671;24
692;Austin;Collins;Jerry_6160@notamail.ch;+45 281-92-87;2016-05-17T14:27:37;271580;21
693;Daniel;Gonzales;Anthony_6430@notamail.ch;+96 539-71-43;2018-01-08T04:54:02;209269;2
694;Kyle;Turner;Scott_5738@notamail.ch;+30 320-31-87;2021-08-22T00:05:06;222679;41
695;Andrew;Castillo;Elijah_4221@notamail.ch;+84 906-80-78;2005-10-08T12:26:01;315461;39
696;Vincent;Miller;Jeffrey_6572@notamail.ch;+75 21-46-95;2007-01-01T04:20:58;60710;10
697;Isabella;Alvarez;David_6510@notamail.ch;+35 229-3-78;2010-04-28T14:58:06;643202;43
698;Dylan;Reed;Henry_5786@notamail.ch;+97 242-82-83;2005-06-03T14:42:02;229496;37
699;Russell;Miller;Carl_9041@notamail.ch;+48 624-27-90;2007-04-09T20:04:16;595278;9
700;Ronald;Thomas;Roger_3188@notamail.ch;+81 447-7-85;2010-10-10T15:54:51;545625;12
701;Cheryl;Howard;Joe_3665@notamail.ch;+97 735-10-43;2003-03-02T06:23:26;139865;27
702;Evelyn;Murphy;Nathan_617@notamail.ch;+77 202-90-19;2010-03-28T18:26:19;331740;46
703;Katherine;Kim;Alan_7761@notamail.ch;+70 380-71-6;2005-12-18T23:18:13;617403;41
704;Isabella;Rodriguez;Gregory_961@notamail.ch;+97 205-45-26;2022-01-08T22:05:34;593271;14
705;Olivia;Howard;Samuel_6237@notamail.ch;+84 620-56-64;2022-05-09T07:12:15;26923;45
706;Ashley;Harris;Alan_3805@notamail.ch;+15 229-97-69;2013-03-14T14:15:15;20089;3
707;Doris;Adams;Walter_4379@notamail.ch;+19 459-58-41;1995-05-04T05:59:35;12894;43
708;Jerry;Hughes;Aaron_9980@notamail.ch;+26 151-29-45;2016-08-04T13:07:38;94753;19
709;Helen;Gray;Philip_9766@notamail.ch;+77 699-22-71;2003-12-18T11:09:16;136021;21
710;Jessica;Murphy;Gregory_1243@notamail.ch;+98 102-58-18;2013-05-27T15:22:10;563861;41
711;Stephanie;Kelly;Christopher_7557@notamail.ch;+54 404-54-88;2018-10-22T19:51:24;616535;41
712;Nicole;White;Austin_9068@notamail.ch;+96 854-82-76;2015-04-04T19:59:31;57276;20
713;Alexander;Smith;Charles_3021@notamail.ch;+35 685-37-93;2007-07-16T06:30:29;122556;15
714;Randy;Lee;Elijah_1903@notamail.ch;+29 268-6-54;1996-02-07T13:12:30;574838;7
715;Kayla;Martinez;Larry_3720@notamail.ch;+22 241-54-91;2003-09-02T16:52:43;619212;31
716;Donna;Wood;Larry_3256@notamail.ch;+25 743-19-79;2013-09-20T02:25:46;733985;2
717;David;Morgan;John_6932@notamail.ch;+90 522-72-6;2007-08-22T00:31:47;129961;37
718;Alexander;Wilson;Donald_639@notamail.ch;+37 97-23-40;1997-04-24T10:06:35;636651;22
719;Zachary;Johnson;Richard_7675@notamail.ch;+38 136-45-41;2001-09-26T12:48:16;496934;46
720;Diana;Clark;Matthew_4417@notamail.ch;+3 753-9-28;2014-10-01T00:52:56;423722;11
721;Justin;Mitchell;Peter_4613@notamail.ch;+68 381-11-85;1997-07-23T04:03:42;711486;12
722;Juan;Walker;Anthony_3523@notamail.ch;+47 83-87-57;1993-01-07T19:32:14;101120;46
723;Sophia;Campbell;Justin_7440@notamail.ch;+83 732-99-72;2021-07-28T07:11:20;70977;27
724;Robert;Kelly;Jason_1823@notamail.ch;+6 925-27-91;2010-09-14T00:51:23;59143;37
725;Rebecca;Jimenez;Larry_5381@notamail.ch;+90 521-64-36;2009-11-07T16:26:53;663749;8
726;Scott;Wilson;Gerald_3404@notamail.ch;+27 572-56-66;2022-07-08T13:05:24;522734;33
727;Dorothy;Thompson;Kenneth_8589@notamail.ch;+11 613-22-92;2012-10-23T18:24:19;282530;20
728;Arthur;Smith;Aaron_4664@notamail.ch;+30 310-64-16;1991-08-12T14:05:49;701169;2
729;Lawrence;Edwards;Gabriel_8718@notamail.ch;+21 802-37-85;2022-02-02T00:07:17;62444;11
730;Mary;Johnson;Roy_7495@notamail.ch;+12 857-91-52;2015-04-12T01:46:14;337356;47
731;Dennis;Foster;Dylan_2094@notamail.ch;+28 635-44-98;2000-03-09T20:46:33;494843;33
732;Lisa;Thompson;Jack_4558@notamail.ch;+88 446-94-78;1997-08-21T02:39:50;176831;1
733;Jean;Davis;Jacob_2568@notamail.ch;+46 783-10-50;1992-04-09T17:18:20;117194;27
734;Noah;Wright;Ralph_1217@notamail.ch;+40 728-18-47;2008-03-22T02:07:49;475119;41
735;Gabriel;Davis;Willie_1029@notamail.ch;+48 174-17-92;2019-01-25T21:38:28;269795;3
736;Joyce;Diaz;Austin_4369@notamail.ch;+79 376-33-7;1991-01-21T24:56:02;207121;40
737;Jennifer;Brown;Henry_4677@notamail.ch;+97 663-45-54;1998-06-04T19:43:49;328095;17
738;Alexis;Allen;Jonathan_1857@notamail.ch;+23 549-44-29;2017-06-08T01:29:24;383674;5
739;Cheryl;Peterson;George_9108@notamail.ch;+76 642-63-18;2016-07-25T10:47:26;706639;37
740;Donna;Robinson;Jose_3109@notamail.ch;+11 539-18-4;1997-07-26T04:29:09;74577;33
741;Jeffrey;Ross;Joe_6727@notamail.ch;+5 828-54-48;2010-03-20T05:05:37;580305;37
742;Helen;Patel;Logan_1560@notamail.ch;+98 954-57-62;2017-01-21T10:48:06;437260;29
743;Logan;James;Russell_682@notamail.ch;+44 379-65-28;2009-10-23T21:40:28;417221;13
744;Frank;Walker;Joe_2915@notamail.ch;+9 765-66-50;1997-06-13T17:12:55;602401;12
745;Gerald;Castillo;James_2293@notamail.ch;+0 186-87-85;2007-12-10T21:05:46;403485;45
746;Matthew;Castillo;David_6784@notamail.ch;+82 28-22-13;2001-08-12T10:00:14;283612;31
747;Philip;Richardson;Keith_5512@notamail.ch;+9 282-49-68;2013-02-09T10:17:01;213880;37
748;Amy;Kelly;Brian_4970@notamail.ch;+77 208-41-73;1991-03-12T22:29:42;644161;44
749;Arthur;Evans;Ryan_8637@notamail.ch;+95 448-83-92;2010-04-27T22:54:46;606687;24
750;Joseph;Martin;Gary_9357@notamail.ch;+72 915-57-73;1995-10-21T20:40:20;742338;4
751;Richard;Diaz;Roy_7043@notamail.ch;+45 310-57-1;2004-09-26T11:28:09;494132;42
752;Michelle;Foster;Roy_3891@notamail.ch;+75 60-33-31;2003-03-03T07:39:51;611068;27
753;Jesse;Johnson;Wayne_6540@notamail.ch;+37 794-41-75;2019-05-20T14:46:30;476363;2
754;Joe;White;Roger_74@notamail.ch;+71 655-21-67;1993-06-11T18:33:19;589524;30
755;Elijah;Mitchell;Terry_5130@notamail.ch;+40 68-93-95;2020-12-25T12:20:03;26619;40
756;Amy;Ward;Charles_893@notamail.ch;+91 474-2-25;2019-07-26T22:42:15;623640;8
757;Julie;Thompson;Lawrence_7600@notamail.ch;+11 290-20-72;1992-03-08T20:46:05;316858;36
758;Daniel;Smith;Louis_1608@notamail.ch;+17 653-26-29;2008-10-21T15:49:49;184270;3
759;Dorothy;Mendoza;Gregory_7933@notamail.ch;+83 645-35-22;1998-01-27T15:18:40;289579;41
760;Ashley;Phillips;Matthew_2470@notamail.ch;+74 347-37-28;2022-05-07T17:25:21;87667;22
761;Jessica;Ortiz;Eugene_3789@notamail.ch;+79 436-74-28;1995-07-03T05:34:51;734176;34
762;Timothy;Myers;Jacob_6697@notamail.ch;+1 357-47-24;2005-06-20T06:14:22;158296;4
763;Kyle;Cooper;Arthur_7810@notamail.ch;+86 403-69-61;2014-10-22T11:04:41;164748;16
764;Nicole;Hall;Andrew_2548@notamail.ch;+35 180-89-27;1993-11-05T19:24:45;334525;46
765;Wayne;Ramirez;Michael_7126@notamail.ch;+21 828-78-89;1992-07-18T03:08:52;176466;35
766;Mary;Price;Russell_4731@notamail.ch;+92 649-51-53;2000-08-03T02:09:09;534109;25
767;Charlotte;Baker;Brian_7808@notamail.ch;+43 910-34-5;2019-06-13T19:41:00;571640;8
768;Diane;Rodriguez;Michael_3847@notamail.ch;+35 716-84-0;2022-02-17T17:01:07;179630;43
769;Patricia;Lewis;Jeremy_2727@notamail.ch;+65 469-18-16;2005-02-23T22:06:54;109428;3
770;Kayla;Rodriguez;Alexander_9457@notamail.ch;+35 530-30-32;1991-05-20T19:47:13;195215;14
771;Martha;Kim;Nicholas_3026@notamail.ch;+43 432-21-52;2019-01-12T00:57:52;313495;44
772;Charles;Harris;Louis_3410@notamail.ch;+71 759-68-9;2009-09-17T17:17:49;266478;10
773;Frances;Campbell;Jack_1217@notamail.ch;+27 724-41-64;1993-10-25T23:04:24;750790;13
774;Marilyn;Smith;Dylan_3773@notamail.ch;+7 995-94-88;2016-06-25T20:53:08;658599;37
775;Julia;Thomas;Bruce_1424@notamail.ch;+66 776-32-39;2003-03-02T07:46:03;595349;23
776;Richard;Gutierrez;Jerry_259@notamail.ch;+64 37-79-35;2013-07-15T21:25:59;534655;9
777;Ronald;Reed;Randy_4728@notamail.ch;+99 104-68-27;1993-02-26T22:10:57;48056;39
778;Isabella;Young;Roy_6173@notamail.ch;+55 566-56-2;1996-04-19T19:03:45;105876;8
779;Kayla;Phillips;Wayne_2118@notamail.ch;+98 471-47-87;2015-05-16T05:29:05;743236;31
780;Mary;Perez;Robert_8092@notamail.ch;+8 12-88-3;2006-07-17T22:07:05;248485;14
781;Elizabeth;Bennet;Roy_6204@notamail.ch;+93 395-33-49;2005-09-05T12:52:26;490285;32
782;Amy;Evans;Larry_3899@notamail.ch;+53 868-80-61;2000-10-07T07:47:00;505330;21
783;Elizabeth;Ross;Christopher_2924@notamail.ch;+5 475-34-93;1998-09-08T15:12:29;468570;43
784;Sandra;King;Charles_9820@notamail.ch;+62 641-88-96;1996-10-01T05:37:16;105495;15
785;Kimberly;Kelly;Kevin_5069@notamail.ch;+66 908-61-84;2020-04-22T13:25:01;159206;3
786;Heather;Williams;Jacob_2261@notamail.ch;+36 260-27-96;1999-11-04T10:37:44;709241;16
787;Elizabeth;Ortiz;Douglas_1456@notamail.ch;+54 946-12-23;2021-07-12T23:28:05;589718;37
788;Angela;Brooks;Larry_495@notamail.ch;+60 206-82-2;1995-07-10T16:00:09;647046;11
789;Karen;Ortiz;Donald_5820@notamail.ch;+80 805-82-29;2013-08-05T02:53:22;406078;28
790;Michael;Patel;Harold_6762@notamail.ch;+90 832-61-41;1998-09-26T16:26:06;309674;13
791;Justin;Alvarez;Keith_3865@notamail.ch;+12 338-98-89;2019-04-08T22:15:45;55692;14
792;Michelle;Perez;Daniel_6669@notamail.ch;+50 830-53-36;2013-09-17T12:16:30;71200;14
793;Janet;Gutierrez;Willie_5068@notamail.ch;+56 72-37-40;1994-12-05T12:51:24;351705;12
794;Richard;Cook;Alexander_4583@notamail.ch;+26 421-13-85;2001-11-03T00:35:58;632678;5
795;Abigail;Gutierrez;Eugene_466@notamail.ch;+93 286-29-35;2022-12-06T22:13:45;93632;44
796;Teresa;Evans;William_8320@notamail.ch;+49 140-20-13;2014-01-09T15:07:12;22279;39
797;Judy;Rivera;Gerald_7837@notamail.ch;+32 469-43-17;2017-09-18T01:44:52;522142;1
798;Stephen;Gomez;Larry_1787@notamail.ch;+30 312-5-45;1995-07-13T00:01:14;153972;28
799;Dorothy;Jimenez;Tyler_2612@notamail.ch;+63 881-53-15;2021-11-09T14:39:02;97544;17
800;Grace;Walker;Thomas_5657@notamail.ch;+22 407-81-10;2002-09-07T10:40:55;276731;29
801;Emma;Williams;Peter_3449@notamail.ch;+82 859-15-35;1997-07-19T20:28:32;442465;5
802;Raymond;Peterson;Joe_9568@notamail.ch;+70 696-94-18;2022-07-10T07:14:28;388245;46
803;Bruce;Brooks;Alexander_2843@notamail.ch;+44 430-21-10;2017-03-22T09:11:16;285343;3
804;Benjamin;Cook;Nicholas_2412@notamail.ch;+26 122-39-19;2000-02-20T20:55:34;644889;1
805;Louis;Martinez;Jeremy_5098@notamail.ch;+47 218-11-98;2020-12-08T01:04:54;313606;26
806;Jean;Nelson;Donald_7317@notamail.ch;+66 878-58-83;2003-03-05T08:47:00;49821;1
807;Nicole;Jackson;William_9667@notamail.ch;+6 962-91-83;1994-08-15T17:59:09;532080;28
808;Janice;Brown;Stephen_292@notamail.ch;+34 201-7-38;2006-08-04T19:00:21;622344;28
809;Janice;Jones;Matthew_6190@notamail.ch;+21 594-9-29;2009-01-05T06:28:29;683315;10
810;Scott;Garcia;Dylan_1124@notamail.ch;+12 785-88-58;1991-01-02T14:00:14;174937;25
811;Lawrence;Kelly;Daniel_7756@notamail.ch;+27 905-86-62;1997-07-01T05:10:51;125467;8
812;Alice;Richardson;Mark_6346@notamail.ch;+74 140-72-24;1997-04-21T04:11:20;284744;7
813;Dorothy;Flores;Keith_8605@notamail.ch;+91 594-33-36;2015-09-09T06:48:06;73051;9
814;Evelyn;Ortiz;Juan_4982@notamail.ch;+5 627-64-1;1994-06-16T02:19:50;423443;16
815;Shirley;Ramirez;Eugene_1439@notamail.ch;+65 984-82-21;2005-11-12T23:05:42;419341;6
816;Henry;James;Dennis_2992@notamail.ch;+85 853-49-70;2008-10-07T17:54:42;188915;7
817;Mary;Perez;James_5513@notamail.ch;+69 902-67-2;2016-11-18T09:39:06;283296;21
818;Catherine;Howard;Henry_9000@notamail.ch;+87 142-31-3;2007-04-15T03:54:28;687764;44
819;Gerald;Carter;Douglas_7002@notamail.ch;+57 742-14-92;2012-01-14T00:05:02;746186;20
820;Kathryn;Johnson;Adam_3762@notamail.ch;+13 914-52-37;2010-07-09T10:30:27;345049;8
821;Andrew;Robinson;Joshua_3843@notamail.ch;+26 987-47-91;1998-04-04T10:27:59;102972;47
822;Nancy;Ramos;Ryan_5394@notamail.ch;+46 989-11-23;2014-07-09T19:26:19;313609;9
823;Scott;Bailey;Patrick_592@notamail.ch;+57 234-23-8;2018-08-23T10:28:03;325845;36
824;Rebecca;Anderson;Gabriel_6915@notamail.ch;+59 350-59-65;1998-07-16T13:30:38;379011;31
825;Richard;Davis;Randy_7223@notamail.ch;+30 836-31-26;1993-09-09T04:45:08;61885;44
826;Andrew;Thompson;Raymond_7652@notamail.ch;+13 831-79-10;1998-03-05T09:52:26;405660;10
827;Roy;Anderson;Justin_4673@notamail.ch;+57 840-20-10;2001-08-15T23:55:11;104203;33
828;Bryan;Diaz;Walter_7791@notamail.ch;+7 479-86-69;2017-12-19T10:34:47;294528;46
829;Elizabeth;Thompson;Arthur_1634@notamail.ch;+30 322-82-62;2013-10-27T15:30:36;188347;44
830;Helen;Peterson;Aaron_6938@notamail.ch;+16 210-0-18;2002-08-28T17:26:51;581046;25
831;Samuel;Hughes;Dylan_6192@notamail.ch;+58 79-96-15;1995-01-22T08:42:45;649777;29
832;Scott;Stewart;Alan_2057@notamail.ch;+18 827-15-62;2001-05-24T01:27:08;501185;9
833;Linda;Rodriguez;Jeremy_1527@notamail.ch;+72 426-21-45;2000-09-19T11:57:59;35667;43
834;Arthur;Moore;Anthony_8679@notamail.ch;+44 525-80-4;1996-06-27T05:44:00;291152;27
835;Henry;Reyes;Terry_4507@notamail.ch;+28 593-96-24;2004-05-01T17:20:30;359921;15
836;Joe;Hall;Ralph_6063@notamail.ch;+85 951-50-50;2011-04-18T22:42:00;306208;37
837;Paul;Johnson;Lawrence_1064@notamail.ch;+92 90-40-2;1996-08-11T19:50:11;60533;18
838;Logan;White;Anthony_4046@notamail.ch;+26 484-80-55;2005-09-07T08:36:12;481296;8
839;Jordan;Wilson;Edward_6753@notamail.ch;+97 639-70-84;1992-01-04T09:33:51;535835;33
840;Juan;Collins;Billy_3735@notamail.ch;+36 227-95-10;2010-08-27T06:34:30;558574;46
841;Kyle;Myers;Bruce_6281@notamail.ch;+52 538-74-5;2010-07-04T04:41:54;726942;9
842;Adam;Bennet;Bruce_7764@notamail.ch;+57 535-79-62;1995-10-06T12:39:34;429994;22
843;Aaron;Price;Stephen_2708@notamail.ch;+32 531-31-76;1993-03-04T23:48:55;479638;22
844;Joe;Garcia;Anthony_3613@notamail.ch;+91 370-47-37;2013-09-23T19:03:05;183051;24
845;Kevin;Hall;Elijah_3197@notamail.ch;+4 311-33-38;1997-12-04T17:07:59;713277;21
846;Justin;Moore;Gary_962@notamail.ch;+0 683-23-46;2005-04-25T10:28:24;321789;1
847;Richard;Harris;Aaron_8060@notamail.ch;+45 968-32-74;1998-05-24T16:15:05;591393;1
848;Kyle;Alvarez;William_8156@notamail.ch;+52 606-15-48;2020-06-24T12:14:40;564919;31
849;Donald;Nelson;Roy_6361@notamail.ch;+71 162-19-52;1994-02-05T17:15:04;399122;20
850;Joyce;Rivera;David_8645@notamail.ch;+20 226-10-56;2009-10-18T09:53:57;365289;3
851;Andrew;Bailey;Eugene_7496@notamail.ch;+68 452-61-56;1993-10-24T16:29:04;32689;9
852;Nancy;Brown;William_833@notamail.ch;+8 101-77-7;2012-05-22T06:34:51;212662;6
853;Ryan;Sanders;Vincent_5660@notamail.ch;+18 638-81-69;2008-10-19T14:51:58;132714;17
854;Aaron;Watson;Terry_8428@notamail.ch;+61 679-60-85;1997-09-22T09:38:59;393639;44
855;Terry;Gutierrez;Austin_8032@notamail.ch;+35 286-81-80;1996-01-11T09:28:08;413684;24
856;Kenneth;Torres;Henry_7256@notamail.ch;+80 629-52-69;1994-05-26T22:45:45;52407;11
857;Sophia;Flores;Henry_7099@notamail.ch;+45 453-14-48;2021-02-23T24:21:54;547023;1
858;Daniel;Reyes;Wayne_7833@notamail.ch;+64 72-97-86;2001-03-06T06:28:53;201031;40
859;Hannah;Watson;Louis_4659@notamail.ch;+6 981-0-81;1991-01-14T20:39:21;58459;11
860;Ashley;Ramos;Jonathan_1962@notamail.ch;+13 999-43-20;1994-08-04T01:47:42;57278;16
861;Joshua;Richardson;Robert_8281@notamail.ch;+89 503-28-61;2002-09-21T24:02:05;410419;31
862;Daniel;Ward;Louis_2564@notamail.ch;+61 292-6-26;2012-11-07T23:47:25;424102;20
863;Karen;Williams;Arthur_7094@notamail.ch;+57 858-21-70;2012-08-20T18:52:55;275912;22
864;Eugene;Gutierrez;Arthur_7076@notamail.ch;+86 729-10-35;2014-11-25T22:19:36;700160;6
865;Jack;Cox;Stephen_6286@notamail.ch;+85 101-16-73;2021-05-21T16:34:07;158323;22
866;Richard;James;Philip_6212@notamail.ch;+96 868-63-96;2015-11-24T23:28:52;395093;47
867;Austin;Green;Terry_9464@notamail.ch;+74 961-8-96;2001-05-04T14:25:04;590789;15
868;Russell;Ward;Michael_8681@notamail.ch;+71 430-11-86;2007-05-18T01:14:05;163787;24
869;Jonathan;Hernandez;Brian_4294@notamail.ch;+46 496-66-33;2009-11-27T12:03:21;592336;37
870;Doris;Patel;Ethan_1105@notamail.ch;+86 436-27-17;1992-07-09T00:31:54;409832;28
871;Albert;Williams;Terry_1794@notamail.ch;+84 684-93-19;2018-08-13T15:42:41;493957;37
872;Kelly;Lopez;Louis_6667@notamail.ch;+87 812-77-71;2000-06-19T23:15:50;42908;23
873;Sarah;Wood;Joe_4875@notamail.ch;+22 600-75-70;2022-10-26T12:57:36;616679;8
874;Christine;Evans;Dylan_9953@notamail.ch;+24 874-45-45;2012-03-10T17:53:59;495737;26
875;Lawrence;White;Kenneth_8194@notamail.ch;+85 399-97-54;1994-07-23T24:21:16;490766;22
876;Anthony;Perez;Ralph_9327@notamail.ch;+4 245-73-37;2009-03-14T20:44:59;467385;1
877;Vincent;Reed;Jesse_393@notamail.ch;+26 161-49-70;2015-06-21T19:59:26;510154;11
878;Elizabeth;Diaz;Alexander_6391@notamail.ch;+43 198-43-21;2014-05-14T00:18:02;163836;18
879;Patricia;Ramirez;Jacob_3898@notamail.ch;+44 281-49-42;2009-11-16T08:43:23;110652;2
880;Kathleen;Myers;Edward_9249@notamail.ch;+3 968-12-32;2007-09-22T20:34:15;500013;13
881;Marilyn;Phillips;Brandon_2366@notamail.ch;+68 316-39-5;2011-10-19T14:20:44;31802;24
882;Bruce;Morales;Bryan_3048@notamail.ch;+58 903-36-9;2005-07-15T06:52:55;633028;35
883;Johnny;Rogers;Charles_5744@notamail.ch;+51 645-77-30;2016-07-23T04:28:41;420197;2
884;Megan;Davis;Jeffrey_6820@notamail.ch;+96 722-84-81;1999-05-26T05:11:41;743870;2
885;Amy;Hall;Jeffrey_872@notamail.ch;+80 892-8-25;1994-06-06T16:07:28;630971;19
886;Laura;Peterson;Christopher_836@notamail.ch;+22 143-87-24;2013-10-28T21:19:28;618216;3
887;Michael;Foster;Elijah_7640@notamail.ch;+97 138-92-98;1999-07-12T21:46:52;162224;22
888;Justin;Bennet;Nicholas_869@notamail.ch;+57 402-5-19;2017-11-17T24:11:09;129597;35
889;Alexis;Rodriguez;Ethan_219@notamail.ch;+18 303-88-82;2019-02-28T06:54:00;107123;33
890;Jason;Jones;Brandon_9162@notamail.ch;+98 271-96-24;2002-09-16T18:39:49;656393;8
891;Carol;Gonzales;James_7615@notamail.ch;+16 206-48-69;2012-04-20T02:55:26;731034;5
892;Betty;Roberts;Roy_5138@notamail.ch;+8 854-79-81;2011-11-26T01:52:48;518894;8
893;Laura;Ramos;Roy_5406@notamail.ch;+95 940-47-16;1991-06-10T04:47:33;201454;30
894;Johnny;Turner;Scott_2228@notamail.ch;+4 140-24-10;2010-06-20T12:10:36;386340;42
895;Sarah;Ward;Alexander_8512@notamail.ch;+40 16-20-8;2020-09-27T03:26:40;171362;23
896;Andrew;Alvarez;Gary_7040@notamail.ch;+24 466-56-81;1996-10-16T10:51:11;24157;2
897;Ryan;Sanchez;Ryan_9932@notamail.ch;+30 29-61-57;2020-12-09T15:33:01;639056;35
898;Arthur;Parker;Roy_8731@notamail.ch;+51 334-25-55;2003-03-17T23:12:52;135879;45
899;Vincent;Harris;Keith_4529@notamail.ch;+2 564-47-81;2006-07-23T07:04:27;206860;44
900;Elijah;Thompson;Timothy_2005@notamail.ch;+64 974-22-4;2009-07-27T16:07:30;744423;25
901;Dylan;Watson;Ryan_6048@notamail.ch;+97 891-66-68;1993-10-21T04:49:52;265924;37
902;Joyce;Diaz;Kevin_2796@notamail.ch;+66 955-39-58;2005-11-05T10:49:44;479438;32
903;Christian;Myers;Jerry_2844@notamail.ch;+92 795-64-18;2010-04-25T21:49:02;649836;8
904;Kayla;Turner;Christian_1844@notamail.ch;+35 969-46-61;2022-11-28T06:55:51;307975;39
905;Gerald;Cruz;Bobby_7218@notamail.ch;+55 115-47-30;2022-05-23T10:47:48;126776;44
906;Walter;Smith;Vincent_3418@notamail.ch;+79 574-36-1;2012-02-04T05:09:48;735207;10
907;Judy;Moore;Brian_9082@notamail.ch;+92 405-73-61;2014-02-03T14:13:46;523714;44
908;Christopher;Ortiz;Johnny_6322@notamail.ch;+1 762-52-97;1999-07-08T24:11:42;381809;29
909;Louis;Adams;Dylan_2736@notamail.ch;+78 30-48-40;2012-05-16T20:30:47;75468;10
910;Christopher;Garcia;George_7416@notamail.ch;+64 675-57-8;1993-02-05T11:22:52;528898;5
911;Austin;Clark;Andrew_8431@notamail.ch;+97 115-98-63;2007-07-10T09:37:23;287777;34
912;Johnny;Patel;Gabriel_6928@notamail.ch;+75 637-88-29;2005-10-23T06:41:44;573228;32
913;Michael;Diaz;Albert_7434@notamail.ch;+59 55-71-70;2015-06-27T02:22:06;482906;7
914;Roy;Walker;Ralph_7986@notamail.ch;+54 311-11-20;2021-06-19T09:25:48;143713;8
915;Heather;Gray;Russell_42@notamail.ch;+89 944-71-60;1992-06-20T02:12:01;610596;27
916;Aaron;Richardson;Jason_381@notamail.ch;+50 100-4-27;2014-08-08T10:22:52;632071;16
917;Jerry;Reyes;Joseph_5596@notamail.ch;+48 766-64-60;2006-01-16T18:01:18;402055;42
918;Emily;Taylor;Lawrence_8934@notamail.ch;+77 118-57-39;2003-06-02T12:39:26;544185;21
919;Amber;Smith;Stephen_9673@notamail.ch;+69 396-18-87;2006-10-25T22:52:15;551379;47
920;Nathan;Reed;Jose_4837@notamail.ch;+94 923-18-41;2015-01-23T18:17:32;556462;13
921;Billy;Lee;Jordan_4141@notamail.ch;+45 790-92-72;2007-06-14T08:23:25;93218;25
922;Martha;Mendoza;Douglas_7187@notamail.ch;+61 546-7-69;1993-12-10T20:02:43;441604;41
923;Ethan;Reed;Arthur_4739@notamail.ch;+76 130-36-25;2021-07-03T18:49:43;443643;19
924;Laura;Gomez;Bryan_8598@notamail.ch;+20 902-8-49;2014-02-22T12:42:53;624691;29
925;Anna;Brown;Jason_4913@notamail.ch;+38 843-97-23;2011-02-14T08:56:11;740526;38
926;Michelle;Gonzales;George_5740@notamail.ch;+95 904-61-81;1994-06-05T15:34:50;542175;37
927;Russell;Kim;Jordan_2551@notamail.ch;+63 818-64-22;2021-05-14T09:33:36;465529;5
928;Cynthia;Taylor;Jeremy_846@notamail.ch;+67 407-49-34;1997-08-24T09:15:11;593337;37
929;Benjamin;Howard;Jason_9814@notamail.ch;+60 610-33-5;2019-07-11T18:30:37;634575;12
930;Jose;Garcia;Johnny_1012@notamail.ch;+20 849-80-4;2004-07-10T11:44:47;145631;6
931;Russell;Ortiz;Mark_8387@notamail.ch;+98 87-38-22;1991-12-03T12:53:02;26679;21
932;William;Walker;William_4943@notamail.ch;+45 573-15-59;2014-12-01T03:38:40;583141;34
933;Timothy;Evans;Jose_7767@notamail.ch;+93 635-78-46;2012-11-22T02:36:28;295883;3
934;Scott;Kelly;Nicholas_2608@notamail.ch;+70 621-42-15;2006-05-21T10:22:44;187763;14
935;Gabriel;Morris;Noah_9809@notamail.ch;+48 68-55-12;2008-06-20T10:12:53;530523;22
936;Patricia;Cook;Nicholas_4860@notamail.ch;+37 673-96-35;2004-09-09T02:47:58;184406;30
937;Nancy;Parker;James_1171@notamail.ch;+58 606-41-35;2017-03-21T22:29:47;108358;47
938;Willie;Rogers;Timothy_8619@notamail.ch;+76 453-4-68;1997-11-09T12:29:08;460545;47
939;Jean;Miller;Daniel_4385@notamail.ch;+77 510-35-0;2002-06-27T22:13:42;122146;30
940;Roy;Scott;Bryan_9317@notamail.ch;+59 638-62-45;1992-11-02T17:43:30;75214;46
941;Angela;Edwards;Christian_6327@notamail.ch;+63 338-43-45;2002-11-21T15:57:34;502416;26
942;Russell;Flores;Steven_6774@notamail.ch;+94 830-63-5;2001-06-24T06:38:38;435441;26
943;Abigail;Williams;George_326@notamail.ch;+19 566-91-36;2000-10-24T01:49:22;613172;33
944;Megan;Foster;Jerry_3190@notamail.ch;+93 69-20-58;2003-03-26T16:33:36;579992;28
945;Kevin;Clark;Timothy_4881@notamail.ch;+33 847-0-17;2014-02-07T00:09:00;287412;6
946;James;Gray;Matthew_4464@notamail.ch;+3 152-48-50;2000-12-21T14:01:17;289492;45
947;Alice;King;Wayne_6708@notamail.ch;+29 564-1-52;2022-11-08T08:12:12;153245;28
948;Helen;Robinson;Andrew_8551@notamail.ch;+29 771-74-95;2003-04-27T12:49:52;526355;14
949;Ruth;Diaz;Randy_9560@notamail.ch;+74 517-43-96;2022-08-25T09:52:14;219911;36
950;Cheryl;Walker;Scott_1409@notamail.ch;+78 101-76-26;2008-11-12T11:58:46;339521;39
951;Cynthia;Martinez;Timothy_8665@notamail.ch;+3 591-38-0;2012-06-11T10:03:15;86857;10
952;Elizabeth;Martinez;Wayne_661@notamail.ch;+75 621-18-76;2022-05-27T19:25:44;154166;20
953;Albert;Adams;Anthony_6380@notamail.ch;+31 16-87-25;2017-08-04T08:05:38;428572;43
954;Janice;Howard;Arthur_4018@notamail.ch;+30 498-31-65;1999-07-26T16:34:31;657932;3
955;Raymond;Gonzales;Steven_2931@notamail.ch;+18 400-52-41;1997-12-10T18:40:03;563896;42
956;Jack;Cooper;Eric_1997@notamail.ch;+91 10-31-89;2018-02-08T03:22:57;427846;32
957;Michael;Cruz;Peter_6621@notamail.ch;+47 579-29-76;1997-08-26T11:29:20;524043;47
958;Eugene;White;Keith_4924@notamail.ch;+12 804-56-91;2005-08-07T01:46:54;587667;5
959;Andrew;Mitchell;Lawrence_3398@notamail.ch;+80 716-58-50;1999-07-09T19:39:00;508767;26
960;Brittany;Patel;Donald_8389@notamail.ch;+3 519-51-87;2010-10-20T02:23:40;72655;11
961;Diana;Nelson;Noah_5890@notamail.ch;+98 732-68-8;2010-04-20T24:40:39;624700;23
962;Albert;Stewart;Jesse_3807@notamail.ch;+1 897-34-92;2020-05-23T02:49:59;581626;38
963;Donald;Brown;Steven_737@notamail.ch;+54 38-31-18;2010-04-22T12:59:39;347620;32
964;Louis;Wood;Kevin_5817@notamail.ch;+7 292-43-82;2000-11-28T08:16:49;421891;27
965;Sarah;Rogers;Douglas_3331@notamail.ch;+15 371-40-69;2002-01-10T21:00:50;137422;37
966;Roger;Jackson;Charles_2645@notamail.ch;+57 556-50-67;2005-10-26T03:37:21;202493;13
967;Heather;Green;Aaron_9272@notamail.ch;+95 343-11-14;2004-08-03T16:15:35;310130;13
968;Aaron;Mitchell;William_4075@notamail.ch;+32 371-86-3;2010-11-21T12:25:52;151252;33
969;Cynthia;Lee;Alan_6579@notamail.ch;+51 509-30-42;1999-04-05T23:04:51;114393;4
970;Juan;Lewis;Richard_3989@notamail.ch;+64 402-16-34;2000-12-10T24:57:54;464581;47
971;Virginia;Ruiz;Jeremy_7947@notamail.ch;+46 552-59-90;2004-08-27T12:54:30;288619;34
972;Pamela;Edwards;Philip_1134@notamail.ch;+18 990-46-36;2011-02-05T00:10:40;235630;27
973;Roger;Thompson;Douglas_6056@notamail.ch;+42 208-14-26;1993-03-17T02:11:12;719919;38
974;Carolyn;Morales;Dylan_179@notamail.ch;+28 216-57-53;2018-06-14T13:58:12;453086;11
975;Eugene;Lee;Jacob_5599@notamail.ch;+8 809-81-12;1996-11-22T02:36:52;625219;19
976;Larry;Gonzales;Keith_3900@notamail.ch;+53 141-11-65;2022-08-19T10:33:23;539767;24
977;Christopher;Taylor;Walter_4474@notamail.ch;+58 916-28-86;2000-10-18T06:47:34;132599;8
978;Ethan;Bennet;Matthew_943@notamail.ch;+95 874-25-58;1996-10-08T24:08:59;393920;7
979;Ralph;Mendoza;Peter_7019@notamail.ch;+88 26-31-97;2018-01-12T09:15:58;22674;10
980;Isabella;Rodriguez;Philip_8014@notamail.ch;+93 460-50-17;1991-04-18T07:13:33;553846;18
981;Wayne;Ortiz;Kyle_5974@notamail.ch;+12 732-27-87;1996-03-06T00:19:12;625971;31
982;David;Clark;Roy_1619@notamail.ch;+12 949-59-71;1992-09-12T16:47:53;272593;2
983;Judy;Green;Arthur_9510@notamail.ch;+20 216-14-94;2022-10-01T14:37:14;591015;5
984;Steven;Kelly;Jack_9241@notamail.ch;+18 887-26-80;1998-09-21T23:48:09;438615;33
985;Billy;Hughes;William_8270@notamail.ch;+23 4-18-76;2013-07-07T05:49:33;560644;29
986;Donald;Hall;Randy_418@notamail.ch;+21 821-88-36;2010-10-03T14:54:09;95727;16
987;Jean;Smith;Gerald_6037@notamail.ch;+79 987-4-33;1994-08-13T20:33:03;329576;27
988;Rebecca;Gutierrez;Billy_8966@notamail.ch;+52 467-64-23;1999-12-03T10:25:43;374685;42
989;Alexis;Rivera;Jeremy_9629@notamail.ch;+2 154-62-96;2005-03-01T11:12:33;201109;35
990;Charles;Young;Ryan_1049@notamail.ch;+45 645-48-64;2003-06-13T20:20:15;551320;4
991;Janet;Cruz;Timothy_5597@notamail.ch;+26 223-7-34;1992-12-19T03:07:00;700541;19
992;Raymond;Turner;Elijah_7128@notamail.ch;+21 600-62-9;2018-11-22T08:04:03;745063;14
993;Carolyn;Brooks;Nathan_9439@notamail.ch;+5 657-52-16;2021-12-25T06:24:26;228910;4
994;Julie;Jackson;Douglas_6065@notamail.ch;+52 688-90-96;1992-05-09T14:47:42;422698;45
995;Donald;Brooks;Anthony_4090@notamail.ch;+32 631-19-21;2003-01-19T10:35:40;124495;5
996;Aaron;Jackson;Austin_3328@notamail.ch;+15 559-66-70;1993-01-09T01:17:18;118314;3
997;Arthur;Lee;Aaron_6442@notamail.ch;+16 509-81-9;2015-07-11T07:07:48;680882;6
998;Judith;Patel;Richard_3475@notamail.ch;+26 879-2-62;2010-06-20T01:04:11;337686;6
999;Ruth;Stewart;Nathan_4256@notamail.ch;+10 747-30-37;2015-12-25T00:46:20;514735;16
1000;Dennis;Flores;Ryan_6029@notamail.ch;+34 230-82-64;2003-10-26T18:13:26;49022;45
1001;Paul;King;Christopher_4331@notamail.ch;+57 795-78-65;2011-10-25T12:29:13;66743;28
1002;Jessica;Hernandez;Louis_5042@notamail.ch;+9 694-68-30;2022-01-26T15:31:27;432501;43
1003;Patricia;Jones;Alexander_3772@notamail.ch;+52 216-7-39;2011-09-10T22:03:03;37124;3
1004;Katherine;Edwards;Kevin_6999@notamail.ch;+20 588-98-19;1994-08-03T09:17:48;485865;33
1005;Sara;Wood;Alexander_336@notamail.ch;+42 234-79-72;2017-12-11T23:36:13;145350;26
1006;Amanda;Kim;Ronald_3375@notamail.ch;+54 863-38-91;1996-05-17T11:54:24;183547;28
1007;Joseph;Wright;William_9522@notamail.ch;+2 688-77-94;2009-08-18T17:03:26;200358;20
1008;Jessica;Williams;Jerry_5291@notamail.ch;+32 835-99-53;2012-07-26T22:05:02;198924;12
1009;Melissa;Wilson;Noah_9921@notamail.ch;+51 732-89-43;1992-06-04T19:08:28;63310;1
1010;Lawrence;Alvarez;Louis_3171@notamail.ch;+65 942-90-46;2000-10-08T01:00:47;732489;1
1011;Austin;Ramos;Joe_7723@notamail.ch;+51 433-69-0;1999-08-03T14:13:50;396332;22
1012;James;Martinez;Joseph_4849@notamail.ch;+0 303-78-99;2003-09-04T21:18:06;660317;20
1013;Christine;Lewis;Roy_1285@notamail.ch;+53 338-95-44;2020-09-22T02:22:56;684843;36
1014;Richard;Moore;Lawrence_2368@notamail.ch;+13 187-61-17;1993-01-07T08:35:14;65536;16
1015;Nancy;Kelly;Jason_7313@notamail.ch;+9 363-9-91;2013-05-22T07:24:09;508610;8
1016;Grace;Brown;Gregory_5585@notamail.ch;+96 58-80-40;2022-11-21T15:11:48;685171;4
1017;Ashley;Rogers;Ronald_6983@notamail.ch;+33 621-32-31;2019-08-10T05:04:33;569527;28
1018;Olivia;Thompson;Sean_2649@notamail.ch;+0 332-63-12;2000-08-03T17:39:47;68251;31
1019;Gregory;Ramirez;Jack_5880@notamail.ch;+27 793-14-20;2022-01-10T15:42:23;299252;5
1020;Doris;White;Dennis_5037@notamail.ch;+58 44-7-13;2003-01-16T03:05:13;154909;45
1021;Christian;Phillips;Ronald_3094@notamail.ch;+18 877-98-12;2017-06-24T01:54:55;431493;14
1022;Martha;Patel;Jordan_5156@notamail.ch;+45 953-97-81;2022-09-21T01:31:22;681213;33
1023;Angela;Carter;Jack_422@notamail.ch;+29 508-81-66;2006-01-19T14:12:32;685197;24
1024;Emma;Davis;Noah_1009@notamail.ch;+59 548-98-63;2005-07-20T06:09:43;636522;45

